p,L,backend,method,status,B_mod_p,a_L_mod_p,U_mod_p,trace,validation,repetitions,prep_median_ms,query_median_ms,total_median_ms,total_min_ms,total_max_ms,setup_median_ms,kernel_median_ms,finish_median_ms,message
97,24,cornacchia,CM / Cornacchia–Gauss (Python),ok,33,79,43,-18,cross-checked,11,0.0011000769999999999,0.044795672025723474,0.045332482328482325,0.04477092515592515,0.047536750519750516,,,,
97,24,schoof,CM / deterministic Schoof (Python),ok,33,79,43,-18,cross-checked,11,3.337292375,0.04429416077170418,3.3630805,3.24256025,3.441148125,,,,
97,24,bsgs,CM / certified point-count BSGS (Python),ok,33,79,43,-18,cross-checked,11,0.02840294550408719,0.0445253321299639,0.07713030348258706,0.07330934825870647,0.09152342288557215,,,,
97,24,harvey,Harvey BGS recurrence (C++),ok,33,79,43,-18,cross-checked,11,,,0.014147064171122995,0.013251727272727273,0.016638566844919787,0.0003585614973262032,0.013161941176470588,0.0006223903743315508,
1009,252,schoof,CM / deterministic Schoof (Python),ok,799,30,741,30,cross-checked,11,3.236828714285714,0.05000643542435424,3.3204475,3.25872525,3.4568625,,,,
1009,252,bsgs,CM / certified point-count BSGS (Python),ok,799,30,741,30,cross-checked,11,0.06563547747747747,0.05611097119341564,0.1340410839160839,0.12877457342657345,0.154180006993007,,,,
1009,252,harvey,Harvey BGS recurrence (C++),ok,799,30,741,30,cross-checked,11,,,0.053090065573770495,0.0463552868852459,0.05849617213114754,0.00038562295081967214,0.05198802459016393,0.0007315081967213115,
1009,252,cornacchia,CM / Cornacchia–Gauss (Python),ok,799,30,741,30,cross-checked,11,0.0040543085,0.05130890666666667,0.053764405,0.0530849775,0.05646972,,,,
10009,2502,bsgs,CM / certified point-count BSGS (Python),ok,3719,6,9885,6,cross-checked,11,0.04874681699346405,0.06010198723404255,0.11174037349397589,0.10904060843373493,0.13165582530120482,,,,
10009,2502,harvey,Harvey BGS recurrence (C++),ok,3719,6,9885,6,cross-checked,11,,,0.12948948453608247,0.10305013402061855,0.25425646391752577,0.0004261958762886598,0.12804958762886598,0.000880721649484536,
10009,2502,cornacchia,CM / Cornacchia–Gauss (Python),ok,3719,6,9885,6,cross-checked,11,0.0037553035,0.06371382417582418,0.06842481114551083,0.06553250464396285,0.07013538390092879,,,,
10009,2502,schoof,CM / deterministic Schoof (Python),ok,3719,6,9885,6,cross-checked,11,36.135804,0.06227659243697479,36.966809,36.368157,50.586021,,,,
100049,25012,harvey,Harvey BGS recurrence (C++),ok,81476,99619,74814,-430,cross-checked,11,,,0.3776945918367347,0.3646003469387755,0.38818667346938773,0.0004457142857142857,0.37646197959183675,0.0007678775510204082,
100049,25012,cornacchia,CM / Cornacchia–Gauss (Python),ok,81476,99619,74814,-430,cross-checked,11,0.0028115705000000004,0.06266860714285714,0.05994459943181818,0.05728573863636364,0.07001217045454546,,,,
100049,25012,schoof,CM / deterministic Schoof (Python),ok,81476,99619,74814,-430,cross-checked,11,50.384384,0.06315526872246696,52.988163,49.568742,69.450539,,,,
100049,25012,bsgs,CM / certified point-count BSGS (Python),ok,81476,99619,74814,-430,cross-checked,11,0.08540950943396226,0.059114883838383835,0.154013989010989,0.14112696703296704,0.17036754945054944,,,,
1000033,250008,cornacchia,CM / Cornacchia–Gauss (Python),ok,190622,1826,266580,1826,cross-checked,11,0.0042451935,0.09791473291925466,0.10709158369098712,0.10141647639484978,0.1135598712446352,,,,
1000033,250008,schoof,CM / deterministic Schoof (Python),ok,190622,1826,266580,1826,cross-checked,11,110.388915,0.09311620000000001,109.74099,103.73666,119.57741,,,,
1000033,250008,bsgs,CM / certified point-count BSGS (Python),ok,190622,1826,266580,1826,cross-checked,11,0.14550146853146853,0.09746234615384616,0.25003205,0.239148375,0.2672254,,,,
1000033,250008,harvey,Harvey BGS recurrence (C++),ok,190622,1826,266580,1826,cross-checked,11,,,1.7133669285714286,1.6526977857142857,1.949230357142857,0.0006530714285714285,1.711328142857143,0.0012459285714285714,
10000121,2500030,schoof,CM / deterministic Schoof (Python),ok,7163776,9997599,3649127,-2522,cross-checked,11,115.442205,0.11884887581699347,120.494924,113.685154,169.415546,,,,
10000121,2500030,bsgs,CM / certified point-count BSGS (Python),ok,7163776,9997599,3649127,-2522,cross-checked,11,0.25455491666666663,0.11394414285714287,0.3761698548387097,0.3626798064516129,0.39243111290322585,,,,
10000121,2500030,harvey,Harvey BGS recurrence (C++),ok,7163776,9997599,3649127,-2522,cross-checked,11,,,4.3511058333333335,4.256706666666666,4.600088166666667,0.0009678333333333333,4.348438666666667,0.001766,
10000121,2500030,cornacchia,CM / Cornacchia–Gauss (Python),ok,7163776,9997599,3649127,-2522,cross-checked,11,0.00446659,0.11501822857142857,0.1199191959798995,0.11571294974874372,0.16819493969849247,,,,
100000037,25000009,bsgs,CM / certified point-count BSGS (Python),ok,31732744,19972,26975876,19972,cross-checked,11,0.43704930357142857,0.2953752957746479,0.753744625,0.73686971875,0.890228,,,,
100000037,25000009,harvey,Harvey BGS recurrence (C++),ok,31732744,19972,26975876,19972,cross-checked,11,,,15.9604135,15.667607499999999,16.923068,0.0017980000000000001,15.9550655,0.0035405000000000002,
100000037,25000009,cornacchia,CM / Cornacchia–Gauss (Python),ok,31732744,19972,26975876,19972,cross-checked,11,0.0038779415,0.29194748387096775,0.2982922,0.28925936470588237,0.35866710588235295,,,,
100000037,25000009,schoof,CM / deterministic Schoof (Python),ok,31732744,19972,26975876,19972,cross-checked,11,578.508104,0.3168547638888889,519.266107,511.108671,581.429551,,,,
