p,m,L,m_factorial,m_factorial_cubed,B_L,a_m,a_L,U_L,U_m,mu,T_f_mu
5,1,2,1,1,0,4,4,1,3,3,4
11,3,4,6,7,8,7,1,5,4,7,7
17,5,6,1,1,6,11,10,7,13,8,13
23,7,8,3,4,7,10,9,17,19,16,18
29,9,10,3,27,13,3,21,21,16,26,10
41,13,14,4,23,17,14,17,22,3,5,10
47,15,16,29,43,37,25,29,28,24,21,19
53,17,18,7,25,33,4,52,18,6,18,49
59,19,20,19,15,57,35,6,48,10,38,53
71,23,24,54,57,55,41,43,26,4,49,6
83,27,28,59,37,70,29,55,63,66,50,7
89,29,30,4,64,18,75,48,39,20,16,4
101,33,34,80,31,23,78,31,31,94,26,100
107,35,36,61,34,22,25,74,70,27,6,64
113,37,38,59,58,23,109,1,38,101,81,80
131,43,44,40,72,99,120,101,29,66,54,106
137,45,46,96,127,111,28,130,29,134,98,26
149,49,50,146,122,48,83,91,80,34,70,111
167,55,56,126,50,30,60,152,121,62,157,2
173,57,58,24,157,109,22,81,130,148,161,164
179,59,60,72,33,102,130,57,133,86,58,26
191,63,64,157,42,125,109,116,83,130,147,37
197,65,66,98,123,65,48,185,174,40,21,18
227,75,76,127,162,161,42,103,154,76,86,211
233,77,78,182,159,9,189,11,98,204,92,169
239,79,80,51,6,234,238,60,72,165,197,55
251,83,84,123,204,202,155,24,48,137,50,91
257,85,86,97,66,196,70,111,22,218,249,110
263,87,88,28,123,51,109,170,117,184,137,97
269,89,90,243,178,252,139,167,138,205,184,163
281,93,94,52,108,136,78,121,243,145,119,243
293,97,98,273,204,101,112,265,54,178,45,290
311,103,104,104,288,292,149,196,82,91,45,250
317,105,106,11,63,256,15,234,140,192,261,85
347,115,116,174,217,300,299,12,345,232,198,291
353,117,118,325,287,183,321,8,35,76,61,195
359,119,120,217,96,269,157,230,247,338,176,203
383,127,128,122,45,120,102,166,321,60,143,131
389,129,130,43,151,325,255,228,309,230,51,128
401,133,134,54,272,238,56,387,292,378,103,297
419,139,140,290,267,191,193,266,85,51,221,128
431,143,144,293,166,399,405,222,39,232,72,52
443,147,148,239,431,281,222,166,300,140,11,396
449,149,150,406,415,393,53,99,300,322,219,425
461,153,154,224,244,406,102,205,30,178,35,381
467,155,156,214,349,307,285,279,174,236,86,341
479,159,160,148,399,234,36,470,12,10,385,153
491,163,164,385,150,209,216,437,58,46,384,276
503,167,168,111,477,305,155,87,53,240,141,222
509,169,170,327,28,456,327,300,12,418,143,494
521,173,174,89,56,197,279,321,270,515,225,76
557,185,186,377,347,490,191,370,129,335,92,522
563,187,188,392,355,164,471,23,444,324,245,66
569,189,190,140,282,21,230,227,238,162,533,392
587,195,196,119,469,74,10,291,175,44,557,261
593,197,198,220,92,329,348,506,261,44,473,337
599,199,200,126,315,281,502,174,267,106,170,396
617,205,206,331,516,444,165,113,595,483,375,477
641,213,214,637,577,80,581,15,477,53,516,487
647,215,216,625,351,629,188,600,465,167,349,6
653,217,218,143,73,483,313,85,450,614,125,384
659,219,220,107,621,531,347,78,72,309,377,23
677,225,226,567,659,193,226,282,158,672,234,343
683,227,228,472,51,325,482,221,541,666,667,380
701,233,234,229,158,71,488,579,667,562,285,625
719,239,240,412,274,283,656,555,713,357,112,135
743,247,248,89,605,83,420,638,481,210,114,455
761,253,254,424,220,107,505,64,609,285,676,569
773,257,258,182,714,359,760,583,436,222,352,743
797,265,266,532,325,316,179,553,149,449,567,408
809,269,270,410,672,390,65,186,318,629,774,617
821,273,274,182,786,472,94,387,426,512,240,700
827,275,276,26,209,630,273,552,159,6,487,747
839,279,280,637,767,609,70,402,358,727,160,297
857,285,286,34,739,60,828,650,165,119,212,694
863,287,288,145,509,78,746,245,633,208,12,219
881,293,294,214,100,711,229,163,662,13,360,415
887,295,296,879,375,420,149,628,96,137,242,45
911,303,304,748,147,534,818,251,378,535,373,618
929,309,310,316,82,544,725,51,435,756,84,222
941,313,314,763,602,435,25,229,143,403,260,6
947,315,316,754,567,726,5,709,436,804,303,673
953,317,318,610,225,396,432,845,86,62,302,435
971,323,324,942,857,953,460,856,794,229,293,5
977,325,326,141,208,52,930,256,435,709,112,887
983,327,328,258,502,874,842,281,250,94,966,402
1013,337,338,596,853,422,114,478,445,101,636,207
1019,339,340,139,554,390,309,687,663,476,785,658
1031,343,344,623,844,294,193,725,270,202,798,46
1049,349,350,181,793,673,41,252,691,747,991,790
1061,353,354,171,779,125,903,570,115,949,111,848
1091,363,364,459,703,622,613,665,97,366,462,46
1097,365,366,962,196,509,1041,14,1008,36,236,217
1103,367,368,501,677,325,435,167,424,216,1024,309
1109,369,370,383,1056,724,586,408,985,706,482,199
1151,383,384,365,828,1091,392,1053,386,620,70,612
1163,387,388,1047,1013,506,1070,314,967,3,63,462
1181,393,394,248,377,1156,520,1051,916,231,856,158
1187,395,396,61,264,442,1160,897,1149,557,46,26
1193,397,398,150,3,218,1191,597,605,340,127,1002
1217,405,406,729,709,389,781,109,1009,898,1166,371
1223,407,408,129,324,935,385,821,1182,685,890,648
1229,409,410,265,107,360,1183,626,31,1126,272,232
1259,419,420,574,1057,1148,910,402,975,225,106,979
1277,425,426,358,102,531,676,1108,776,29,855,519
1283,427,428,1259,289,14,475,202,861,1191,1055,464
1289,429,430,942,1012,53,242,584,727,1000,111,607
1301,433,434,484,356,1010,95,952,299,366,698,433
1307,435,436,1197,833,270,182,608,671,80,896,810
1319,439,440,631,428,1129,302,584,258,974,588,438
1361,453,454,1329,1257,448,445,229,322,1129,460,478
1367,455,456,299,581,580,1127,60,1182,284,170,885
1373,457,458,184,203,389,514,558,821,945,1359,143
1409,469,470,487,1346,156,1342,369,639,721,405,617
1427,475,476,538,924,1052,1288,1105,1302,1389,327,630
1433,477,478,119,1384,946,702,541,148,109,436,361
1439,479,480,372,62,893,232,1381,1073,1220,1046,1261
1451,483,484,922,935,1123,793,890,1291,199,1033,460
1481,493,494,780,1094,1333,1194,442,42,963,1052,971
1487,495,496,1261,405,680,11,369,1326,1408,1002,232
1493,497,498,126,1249,737,771,927,939,1145,1421,1227
1499,499,500,460,1433,116,954,511,1365,1312,779,1412
1511,503,504,634,888,172,439,268,515,1414,1297,1161
1523,507,508,1407,179,319,34,753,462,1137,528,1098
1553,517,518,1392,1183,1161,957,149,630,318,860,1233
1559,519,520,818,358,621,749,982,160,205,1516,175
1571,523,524,1088,1388,1319,1365,837,543,729,877,347
1583,527,528,556,642,727,503,270,305,365,703,935
1601,533,534,1587,458,1212,790,603,969,1103,774,1329
1607,535,536,1229,1118,369,1538,419,1143,879,1402,384
1613,537,538,1416,247,607,973,160,569,963,1101,134
1619,539,540,911,1221,57,179,360,487,567,1147,685
1637,545,546,822,1066,627,1508,1260,1022,1302,17,484
1667,555,556,1321,1547,662,1417,896,4,944,1454,1664
1697,565,566,1592,1426,95,119,1243,21,1240,784,5
1709,569,570,1340,1191,525,904,1483,865,435,1231,34
1721,573,574,1447,289,1507,262,795,730,333,685,1308
1733,577,578,924,1429,932,1562,476,967,110,351,1037
1787,595,596,1157,762,1684,1590,496,494,1597,1582,1746
1811,603,604,1537,325,1549,117,1329,1779,867,1679,700
1823,607,608,190,874,1296,146,875,258,655,789,1119
1847,615,616,687,6,46,1846,462,1517,1004,1131,1712
1871,623,624,1255,1005,1082,821,1198,218,900,1737,891
1877,625,626,317,446,1554,303,1332,1184,1480,767,1500
1889,629,630,130,93,588,1828,1432,1140,1878,1616,1167
1901,633,634,1441,903,565,1661,60,766,1413,1039,1526
1907,635,636,1237,1412,1869,1202,653,1407,1764,1005,560
1913,637,638,1308,1842,1111,997,229,178,654,976,1618
1931,643,644,1129,1594,555,1507,106,1605,1414,222,1143
1949,649,650,1751,475,1100,796,1750,171,993,911,705
1973,657,658,1922,1513,707,163,1439,1557,123,1776,915
1979,659,660,622,1385,820,20,1974,1100,879,740,624
1997,665,666,734,964,1087,87,1476,769,1097,236,1193
2003,667,668,368,1392,1107,1131,218,1824,92,268,1456
2027,675,676,912,507,748,2003,6,1618,268,1824,649
2039,679,680,1354,679,268,9,1527,61,1080,1687,1732
2063,687,688,1205,2061,1190,3,515,293,2012,858,1195
2069,689,690,5,125,1080,811,1349,833,673,1555,1137
2081,693,694,870,1765,670,461,405,1150,1240,1012,1843
2087,695,696,463,1388,571,1254,730,2077,616,1441,860
2099,699,700,1879,227,2070,2025,1068,747,1684,1363,500
2111,703,704,993,1527,1619,1323,197,337,1319,372,833
2129,709,710,509,1969,1448,346,978,678,1605,1032,1008
2141,713,714,1447,1818,1504,1392,1793,194,1544,1446,281
2153,717,718,1780,795,261,2023,1109,682,450,79,1018
2207,735,736,396,777,1959,605,1504,1909,1998,1670,1121
2213,737,738,555,1838,1750,1257,239,1917,3,1100,1937
2237,745,746,611,1189,605,1285,238,2018,331,198,1508
2243,747,748,942,321,946,1111,283,1718,784,1445,1879
2267,755,756,835,1406,836,1564,1876,539,704,773,1365
2273,757,758,250,398,209,731,1522,895,223,811,379
2297,765,766,509,1459,239,921,344,1443,1009,2055,884
2309,769,770,1489,419,456,777,383,2173,1745,1190,448
2333,777,778,2108,1414,2021,2234,608,2158,997,648,1739
2339,779,780,983,1204,191,610,1017,1600,1826,1391,117
2351,783,784,1008,521,1028,185,1717,499,1403,2059,1012
2357,785,786,846,1292,1085,1952,1869,422,1623,902,170
2381,793,794,1141,2227,2121,1206,889,99,32,585,2246
2393,797,798,38,2226,1440,129,566,697,291,1837,1330
2399,799,800,622,557,1313,1852,1936,1670,1034,237,75
2411,803,804,1594,755,1608,1057,1544,867,1478,1233,484
2417,805,806,715,548,1729,838,999,725,947,257,1651
2423,807,808,389,1930,1300,693,1644,2220,970,1308,550
2441,813,814,2399,1583,1498,1707,1404,688,1000,160,744
2447,815,816,2243,1426,764,580,2302,613,37,1955,1141
2459,819,820,2201,144,1352,1127,333,1691,1765,609,885
2477,825,826,2047,2223,1516,2360,1887,2238,1006,1876,70
2531,843,844,710,2290,907,2405,1297,978,985,176,29
2543,847,848,2047,1919,2420,1785,1461,770,247,2095,200
2549,849,850,2075,796,2313,1710,847,671,576,1814,573
2579,859,860,1014,1625,1148,1768,2137,2250,719,39,558
2591,863,864,1082,1605,800,1172,2298,1428,1075,799,380
2609,869,870,234,105,748,969,410,1733,2114,2548,433
2621,873,874,237,2615,29,1,655,845,1573,818,2056
2633,877,878,2133,1675,1774,11,1972,1109,377,997,125
2657,885,886,1740,728,2542,1219,1688,2315,1214,1254,160
2663,887,888,1279,1429,1921,2581,1352,1097,2581,242,587
2687,895,896,501,2588,1139,1140,2402,2050,1091,1381,169
2693,897,898,1604,576,2491,2160,2153,1232,1112,832,1501
2699,899,900,666,47,2079,287,603,640,774,2258,2128
2711,903,904,2252,1502,844,148,2674,1106,1399,2546,778
2729,909,910,106,1172,642,2566,723,1656,907,272,445
2741,913,914,771,2365,2502,2464,2125,762,16,2028,1717
2753,917,918,1057,2560,1077,970,1134,24,276,1976,2007
2777,925,926,707,554,76,401,594,837,969,1541,943
2789,929,930,648,163,629,1865,231,2573,765,2168,2537
2801,933,934,2431,284,2331,2584,2155,2739,1973,2425,340
2819,939,940,2675,2156,892,1671,287,2797,355,958,1456
2837,945,946,2637,340,1566,1819,1673,259,946,1945,905
2843,947,948,74,1518,742,1090,1149,2418,778,1359,2773
2861,953,954,1551,2692,1840,1439,1786,295,374,2024,2440
2879,959,960,826,1484,2029,291,647,2153,1657,1304,1658
2897,965,966,2220,246,1782,2685,53,490,2755,553,407
2903,967,968,1693,556,1527,2266,885,1797,1026,2273,505
2909,969,970,2734,1912,664,1774,1011,776,31,40,2070
2927,975,976,2719,1613,953,695,558,1704,1828,1568,2584
2939,979,980,2185,903,314,869,1987,2240,2355,1492,1990
2957,985,986,1140,1247,802,2874,760,994,1820,2390,1415
2963,987,988,938,393,1050,2488,2341,953,1144,609,2527
2969,989,990,620,432,2844,701,567,327,453,1093,1329
2999,999,1000,488,23,1670,2086,978,986,2203,1583,2422
3011,1003,1004,2845,2424,1519,2139,218,2576,2959,1078,544
3023,1007,1008,1764,1356,2430,1565,1876,2297,2378,2478,2950
3041,1013,1014,2553,584,768,2614,867,1824,1003,1821,2382
3083,1027,1028,957,1423,1861,3005,1561,2232,181,1653,2074
3089,1029,1030,1103,2525,3028,953,534,2887,1976,961,1939
3119,1039,1040,2498,3116,1219,2,1559,2452,26,1664,2338
3137,1045,1046,2187,1607,2196,2485,163,500,2279,1437,551
3167,1055,1056,215,329,2060,154,1545,292,1691,370,2659
3191,1063,1064,3142,418,108,2565,1752,1259,2712,1953,2720
3203,1067,1068,1133,1397,2064,1394,1253,1743,242,2659,1936
3209,1069,1070,1439,2434,1043,1619,2002,531,1689,592,1291
3221,1073,1074,955,2928,921,33,797,1031,1566,401,2980
3251,1083,1084,1184,2705,2734,1822,1170,14,274,2961,2573
3257,1085,1086,1321,2042,2718,957,575,1462,866,988,2660
3299,1099,1100,2846,2844,2412,3125,1693,1786,696,3178,2317
3323,1107,1108,1264,954,1960,3114,883,812,639,2642,2900
3329,1109,1110,652,1926,1504,1203,2196,1049,1537,699,2976
3347,1115,1116,1217,1974,507,1292,3024,645,1317,2121,1460
3359,1119,1120,2783,611,2385,3337,1685,2428,2056,1687,1046
3371,1123,1124,82,1895,2549,1247,531,1448,1566,1798,1939
3389,1129,1130,1088,1969,2593,2926,963,3345,170,1019,1295
3407,1135,1136,3389,982,283,340,3322,696,3327,454,425
3413,1137,1138,1067,2564,835,2207,2008,2201,2268,2630,1111
3449,1149,1150,3028,654,1017,3006,973,9,3291,991,1412
3461,1153,1154,1029,362,2974,2677,196,388,47,2325,276
3467,1155,1156,36,1585,3055,3397,1751,212,2142,1237,2700
3491,1163,1164,330,646,2062,281,2548,2889,740,2688,2668
3527,1175,1176,244,2598,2808,448,3415,1466,1833,915,3275
3533,1177,1178,2700,3395,421,2765,192,3314,2179,3076,1994
3539,1179,1180,306,872,2897,625,2498,185,2313,77,1131
3557,1185,1186,202,839,1248,1115,2389,1500,450,1312,288
3581,1193,1194,1723,1762,2748,1508,3204,2469,3181,298,3355
3593,1197,1198,3386,1374,1620,2024,3087,2004,2690,2078,3263
3617,1205,1206,1979,2544,1582,418,1704,2302,1475,729,3506
3623,1207,1208,2254,2485,3009,936,3389,2051,1999,1230,689
3659,1219,1220,2842,2506,1381,1866,1363,1188,2304,3631,1329
3671,1223,1224,2763,2705,1168,3557,1864,2117,3347,3430,2239
3677,1225,1226,597,2891,445,814,1635,506,2095,2348,2707
3701,1233,1234,351,1067,2852,607,2624,3140,1667,2536,554
3719,1239,1240,596,942,1110,379,835,2112,3124,2187,1773
3761,1253,1254,1489,199,3667,2627,2164,2314,2377,2980,457
3767,1255,1256,791,1444,2006,360,3677,830,810,294,999
3779,1259,1260,2028,577,1722,2587,298,2823,3729,2391,1695
3797,1265,1266,3316,1632,2348,2415,2244,3446,2679,2210,936
3803,1267,1268,851,3689,1535,1201,2552,3260,2982,3677,1462
3821,1273,1274,1869,648,1210,1026,1654,1988,1931,118,3300
3833,1277,1278,3777,702,540,2326,1335,3505,2524,1726,3381
3851,1283,1284,1197,2566,3393,1930,1443,2986,2023,1502,2437
3863,1287,1288,1255,1768,1444,319,886,712,3055,566,994
3881,1293,1294,2689,2393,2686,2989,223,3002,33,1054,2811
3911,1303,1304,3068,2051,3332,1249,2621,3861,967,2940,904
3917,1305,1306,1575,144,1211,816,3713,392,2958,1727,991
3923,1307,1308,2630,1702,2809,3084,3152,1072,3516,1714,2247
3929,1309,1310,1988,1682,497,3630,1057,2797,3905,2728,1869
3947,1315,1316,91,3641,2138,2167,445,3801,830,1420,1872
3989,1329,1330,2,8,2203,2991,2244,2994,2163,2636,2949
4001,1333,1334,335,1979,241,3443,2140,437,468,3981,1191
4007,1335,1336,53,618,50,2801,2305,3068,3135,1758,2161
4013,1337,1338,3341,2625,3288,133,970,3691,2123,1009,981
4019,1339,1340,461,1018,741,1137,2730,3368,2635,1401,1632
4049,1349,1350,2150,3275,3966,1538,1640,3370,1485,3097,2198
4073,1357,1358,1865,1737,3871,408,3971,935,2270,1574,3131
4079,1359,1360,3038,793,1843,859,805,2518,884,2818,66
4091,1363,1364,3282,2546,3375,2963,282,2889,1588,3042,1700
4127,1375,1376,611,3968,2090,1791,584,3861,1698,3924,3764
4133,1377,1378,4130,4106,3529,3674,1148,3350,1309,3805,1373
4139,1379,1380,2076,792,1943,1850,1607,2161,2978,1651,374
4157,1385,1386,166,1596,1945,3485,168,217,1640,3267,663
4211,1403,1404,1975,434,2786,2154,1567,1949,3233,2027,3791
4217,1405,1406,2716,1177,2738,1168,3925,2684,1682,3485,423
4229,1409,1410,1792,2941,3846,1819,2717,4180,3844,2798,2209
4241,1413,1414,1617,1670,1069,193,1012,2809,1149,1235,2018
4253,1417,1418,2030,1409,1883,655,3026,826,1971,308,1486
4259,1419,1420,4221,495,3152,3433,2336,1417,3829,968,3218
4271,1423,1424,1497,1122,3545,1850,1673,1216,3486,3427,2089
4283,1427,1428,2166,251,3321,3754,1203,1601,3296,2684,3907
4289,1429,1430,2485,1163,246,1276,3970,1236,212,2315,1750
4337,1445,1446,2339,913,2222,114,2140,3213,1761,574,2584
4349,1449,1450,2049,1595,1223,379,3167,2109,3296,1541,4300
4373,1457,1458,1835,1287,4360,3741,158,4210,358,3315,2973
4391,1463,1464,2669,205,2961,3984,3395,970,3676,2700,3753
4397,1465,1466,3993,2545,2517,2208,3845,428,1771,1646,256
4409,1469,1470,2780,816,349,3404,3558,4121,3442,3048,233
4421,1473,1474,2677,804,2722,4388,3324,1278,543,1020,1426
4451,1483,1484,3376,3931,632,1147,826,3364,3053,3988,3859
4457,1485,1486,3836,463,1692,3658,1314,1804,2096,1174,4132
4463,1487,1488,825,3280,3835,166,2190,1116,115,1761,3494
4481,1493,1494,4097,3293,4306,430,2133,204,678,3737,213
4493,1497,1498,3452,3998,4143,708,4316,2264,727,734,2742
4517,1505,1506,2731,254,3355,3201,329,3645,4220,3883,1049
4523,1507,1508,1682,1590,513,2765,2701,3407,1997,3607,266
4547,1515,1516,2416,2317,1277,1411,784,1641,1310,948,3883
4583,1527,1528,2452,1227,3,2510,1664,3401,4280,2516,4188
4637,1545,1546,848,2233,2271,2766,1627,3968,723,66,4342
4643,1547,1548,579,3924,1510,1143,875,155,2413,2762,2318
4649,1549,1550,1233,2345,4386,1247,3175,384,573,559,3337
4673,1557,1558,1655,668,3450,4659,2340,287,807,1756,55
4679,1559,1560,2093,1339,4245,933,3276,4604,653,1427,4505
4691,1563,1564,2592,118,410,477,3399,4436,2064,1959,4655
4703,1567,1568,1798,2802,2822,1853,3064,758,2484,81,3089
4721,1573,1574,2541,2500,4264,2995,2792,2312,3457,2053,1820
4733,1577,1578,90,118,2195,2567,2908,3579,544,603,2560
4751,1583,1584,995,2535,145,1951,700,575,3370,2091,83
4787,1595,1596,335,3064,859,1178,2099,2421,228,398,4345
4793,1597,1598,4752,2974,4103,1718,1967,3123,2495,4639,4195
4799,1599,1600,3351,2370,1737,1871,732,2583,1146,3622,623
4817,1605,1606,1137,4522,3006,2482,1788,2058,4061,302,295
4871,1623,1624,3549,3698,2746,2068,4354,489,2539,2003,4561
4877,1625,1626,2347,1457,2598,1600,4477,2691,3144,2859,395
4889,1629,1630,3378,4794,930,2882,1724,4269,1936,4427,2951
4919,1639,1640,120,1431,4515,4589,2542,4631,1370,4506,762
4931,1643,1644,476,4275,3427,1789,3251,3618,1601,2383,326
4937,1645,1646,2152,1514,2657,450,2356,1179,1154,3012,1603
4943,1647,1648,621,4597,2360,4343,150,635,2316,1346,764
4967,1655,1656,4435,870,2122,3357,2886,4208,1538,1650,1074
4973,1657,1658,1937,1861,4090,2087,3208,373,2191,659,3269
5003,1667,1668,4538,666,4363,631,1093,2761,2448,3392,4911
5009,1669,1670,1425,1433,4511,1538,2120,3913,3271,4600,683
5021,1673,1674,1551,2135,1372,2213,702,2836,2992,295,2369
5039,1679,1680,295,3709,1538,1614,2116,4317,868,3411,4736
5051,1683,1684,4551,2148,4972,1425,3432,188,4318,4430,2571
5081,1693,1694,598,3145,1076,1286,2219,4954,4318,4315,1849
5087,1695,1696,1235,2906,5023,7,1270,4555,4272,3924,3212
5099,1699,1700,2187,4554,2080,1787,828,93,277,597,3051
5147,1715,1716,278,1374,5028,4675,118,222,1392,1247,2057
5153,1717,1718,3179,4419,2683,3089,516,1912,309,1318,3011
5171,1723,1724,315,2351,3657,5160,3881,541,1978,547,4733
5189,1729,1730,2327,2870,3872,1309,970,869,508,3161,4315
5231,1743,1744,377,1500,2348,3578,1721,1728,948,4974,466
5237,1745,1746,168,2147,4186,3732,4304,2812,859,1016,3442
5261,1753,1754,4291,19,3361,4430,1523,3014,3937,502,1080
5273,1757,1758,1240,2114,5104,1317,989,4962,4010,801,2501
5279,1759,1760,4325,2303,437,2565,3318,1531,4028,2609,4182
5297,1765,1766,737,75,4861,3390,1801,4989,3035,1773,809
5303,1767,1768,5259,4967,5140,3125,3196,2594,2715,2342,4067
5309,1769,1770,5113,3935,3002,3918,1675,1551,3103,3971,1850
5333,1777,1778,2435,5285,1925,2000,4833,108,1182,800,888
5351,1783,1784,281,2795,3187,4836,4142,3046,4561,3560,3625
5381,1793,1794,4835,3914,4982,5370,1348,1682,4971,1355,2024
5387,1795,1796,1326,1924,764,5303,21,1181,4777,3010,4485
5393,1797,1798,3445,4634,689,4988,4146,5070,2396,3457,64
5399,1799,1800,3664,3871,1911,5081,2779,145,3762,1689,617
5417,1805,1806,4376,5414,1526,2,2708,87,4902,3974,4710
5441,1813,1814,2479,3966,4556,4552,4303,4991,3529,2297,1768
5471,1823,1824,4416,4826,4646,2621,3448,1303,3285,381,462
5477,1825,1826,155,4992,4837,4088,4455,2518,3508,108,55
5483,1827,1828,4277,265,385,5214,1438,2809,4347,449,1547
5501,1833,1834,1819,3161,4521,268,5434,4279,1208,803,3601
5507,1835,1836,223,3976,1319,723,1196,5041,4083,2928,472
5519,1839,1840,3002,2869,1960,1512,5141,3749,3665,216,3677
5531,1843,1844,5119,4967,3965,4060,4516,3716,4105,1881,4112
5573,1857,1858,4658,3705,4006,1259,3865,4519,2901,141,5267
5591,1863,1864,3030,271,851,4807,196,3906,5192,4441,3766
5639,1879,1880,4522,4598,3159,5509,2852,4368,1869,4874,3403
5651,1883,1884,4039,1681,2092,4703,237,5589,3758,1943,3688
5657,1885,1886,348,5199,3296,4743,3057,3521,429,3331,4590
5669,1889,1890,2821,2500,3061,4703,3076,3773,1937,133,2091
5693,1897,1898,665,2017,5022,1781,978,1212,3327,3019,5024
5711,1903,1904,4504,157,3549,1746,2419,4423,4326,2260,4705
5717,1905,1906,2688,876,530,4973,186,3323,5270,2988,4240
5741,1913,1914,5000,1390,144,2379,3711,1866,777,1053,141
5783,1927,1928,2622,5217,3783,1410,2539,2970,964,3817,1018
5801,1933,1934,4464,3242,4913,1911,3873,3087,2014,2771,5022
5807,1935,1936,2430,1631,1968,2211,899,5121,159,1605,2174
5813,1937,1938,3859,3178,513,3051,3597,2027,4764,3356,43
5843,1947,1948,3810,2957,3765,2551,823,3511,1097,5034,2553
5849,1949,1950,514,511,5686,4464,4733,3564,3316,3325,5210
5861,1953,1954,5552,645,3392,5234,1622,277,5196,953,3598
5867,1955,1956,4612,462,36,2743,781,453,3886,5589,1361
5879,1959,1960,4538,431,4953,3451,607,3148,670,4050,1146
5897,1965,1966,5481,5177,4864,344,5811,5366,2726,2982,4456
5903,1967,1968,3094,4860,1301,5371,133,2078,5387,5090,934
5927,1975,1976,645,3054,4405,5403,131,3954,2666,3528,1409
5939,1979,1980,5113,3612,272,3226,2163,2815,1316,3692,3366
5981,1993,1994,4922,4772,5698,935,4252,2077,4351,3251,4254
5987,1995,1996,1,1,760,5981,2995,5030,1039,5809,1749
6011,2003,2004,1667,758,1674,793,4310,1100,722,1409,3198
6029,2009,2010,3090,49,4270,369,1415,2356,5350,3989,4708
6047,2015,2016,5766,4449,3906,5048,4785,5610,2642,5297,314
6053,2017,2018,2810,769,2025,3668,5136,2821,5980,5378,2151
6089,2029,2030,3854,5850,4379,2242,2484,2043,2595,2722,896
6101,2033,2034,731,1366,2169,5172,4808,5426,3105,945,24
6113,2037,2038,1487,2880,4719,3273,710,4647,5484,961,794
6131,2043,2044,4634,762,2203,4731,350,2040,2799,3164,3563
6143,2047,2048,1650,963,461,1397,4258,1457,5816,1099,5088
6173,2057,2058,4814,5829,4411,5204,4872,3354,2379,4412,119
6197,2065,2066,2113,4371,4084,4568,5055,5502,2494,3812,1816
6203,2067,2068,6082,2497,5577,1570,2709,5871,270,3708,3514
6221,2073,2074,5438,999,2385,5399,3316,469,4662,1625,2033
6257,2085,2086,1442,890,6215,1392,5909,5318,3155,1153,3413
6263,2087,2088,5460,5635,1189,2214,2578,584,461,6103,4467
6269,2089,2090,6012,1859,3989,3207,3900,5402,4179,2204,4633
6287,2095,2096,3342,4248,4752,6065,3199,2033,4141,6053,1558
6299,2099,2100,2236,6232,3224,5735,141,1865,3996,3447,1758
6311,2103,2104,5397,3324,1969,3839,618,1334,3575,3694,5457
6317,2105,2106,1542,5265,3417,3783,3792,3554,2291,5691,5320
6323,2107,2108,4752,2804,4959,2485,4121,755,4481,5150,5932
6329,2109,2110,3701,6269,3970,633,1424,2765,1675,1747,4090
6353,2117,2118,2252,3847,3223,4548,5216,246,2111,6293,2990
6359,2119,2120,5322,1100,4907,3087,818,287,3295,2678,3768
6389,2129,2130,4858,1174,6333,5355,3453,1639,4536,5237,3612
6449,2149,2150,1085,185,156,488,6327,2518,3924,3980,741
6473,2157,2158,2515,6116,4223,2339,4270,4357,2429,6420,6447
6491,2163,2164,5421,3430,1092,1847,1161,6473,240,1055,2321
6521,2173,2174,665,2088,4433,1218,2956,1493,3599,4202,1648
6551,2183,2184,2120,6397,5685,3233,4105,2137,4505,6517,3821
6563,2187,2188,5270,494,3894,6005,3421,1923,1954,6214,6318
6569,2189,2190,2687,6366,4884,2427,4320,3216,4176,5634,1680
6581,2193,2194,2229,3407,3808,1045,1384,4885,74,2541,6220
6599,2199,2200,905,4747,3515,5922,1819,6455,6126,6001,5565
6653,2217,2218,2816,5993,452,5020,5398,2853,5531,1804,835
6659,2219,2220,4671,5261,4396,3058,2565,1235,1805,5569,3418
6689,2229,2230,3837,5955,3772,4593,524,4933,3563,821,1041
6701,2233,2234,5568,5609,4964,6296,5127,2721,6094,3642,3759
6719,2239,2240,6219,276,6188,4528,5587,2899,3394,2044,4426
6737,2245,2246,6490,1446,2729,6122,1838,4721,5878,2113,4518
6761,2253,2254,4503,5678,1285,2622,2725,3109,5217,545,4514
6779,2259,2260,1751,6491,3592,1836,6320,2544,2442,2758,1740
6791,2263,2264,3003,5928,549,2825,4387,714,3198,5707,4973
6803,2267,2268,487,6772,5716,878,3182,4796,6259,2115,2735
6827,2275,2276,806,3024,6109,149,5083,4475,4846,4312,333
6833,2277,2278,6515,5499,1291,4108,5806,2970,3501,2761,3654
6857,2285,2286,541,5434,1025,5103,3867,5491,1779,19,4963
6863,2287,2288,6002,2208,2832,5054,2168,6188,2857,3612,4566
6869,2289,2290,6330,1774,1139,4902,2209,27,4334,1269,2716
6899,2299,2300,4998,2226,6803,6025,3668,4923,4205,2948,4679
6911,2303,2304,4452,6769,6767,6035,219,3204,949,24,1164
6917,2305,2306,1025,3646,2170,664,6751,853,6196,505,899
6947,2315,2316,4073,1850,1894,368,6855,4836,1728,2091,1526
6959,2319,2320,4108,3744,1584,3736,6025,1359,6564,2263,1905
6971,2323,2324,2977,5627,866,4388,5874,4510,1168,2439,5548
6977,2325,2326,439,1417,2340,2713,1066,2232,6345,3162,74
6983,2327,2328,3283,6080,5142,232,6925,614,1377,2513,4320
7001,2333,2334,386,6242,3174,3459,4386,794,6436,6776,5357
7013,2337,2338,2276,301,2091,6547,3623,4807,1716,5819,3152
7019,2339,2340,4095,6219,5162,4615,601,1220,5253,6332,3367
7043,2347,2348,6742,6638,6420,2139,1226,702,1757,1637,6565
7079,2359,2360,799,5054,1174,4583,624,7058,4837,6987,2761
7103,2367,2368,4742,6347,1435,3777,4383,3388,4362,6151,1695
7109,2369,2370,2768,4582,2412,5874,2086,5717,3021,1418,4631
7121,2373,2374,4104,3633,6876,1817,1326,5879,3800,3451,3333
7127,2375,2376,5159,1458,2440,4722,2383,4717,2079,2157,4027
7151,2383,2384,885,544,6444,2445,4752,673,1729,6430,2441
7187,2395,2396,4575,4987,2448,2816,6483,4466,3511,33,6360
7193,2397,2398,3671,6190,4813,6440,5583,2956,1799,4252,3446
7211,2403,2404,4265,6641,6300,5617,4004,3664,5355,4482,1875
7229,2409,2410,6045,2583,2428,1696,6805,4888,5597,5389,2850
7247,2415,2416,1463,3617,2975,6133,3902,380,4468,3072,5330
7253,2417,2418,4460,1394,5769,4152,6215,403,2590,2575,360
7283,2427,2428,4920,4727,1351,3197,4663,1545,1772,3919,5477
7307,2435,2436,4722,6393,887,1471,1459,6967,1608,6132,5021
7331,2443,2444,1967,3688,857,6842,1955,4188,5437,4311,517
7349,2449,2450,2798,5668,6261,5303,4186,5964,3628,710,4990
7433,2477,2478,4171,2743,6570,2073,1340,4700,3346,6970,1639
7451,2483,2484,2966,5836,3030,1218,3421,852,3268,1099,6454
7457,2485,2486,5880,2805,4934,5511,4215,1327,7235,2714,6393
7481,2493,2494,3567,1803,1294,6174,2197,3526,3183,3505,5822
7487,2495,2496,7096,7224,2299,3103,1096,1728,6131,5520,3024
7499,2499,2500,6539,3519,7082,4571,732,566,5728,6959,7275
7517,2505,2506,2782,6750,1945,7370,1916,1377,2638,2190,6223
7523,2507,2508,5451,3826,3170,7173,3849,647,4010,5882,4485
7529,2509,2510,5787,5818,591,7485,11,3159,3998,4136,1949
7541,2513,2514,47,5790,314,6572,5898,6625,5422,1851,6816
7547,2515,2516,1699,166,6407,3728,6615,638,2108,4690,2480
7559,2519,2520,2344,1744,4146,4551,752,7024,472,7070,1147
7577,2525,2526,2351,629,2275,5228,6270,3093,7012,5237,4983
7583,2527,2528,2686,2858,1172,1714,3363,2094,5369,4532,3923
7589,2529,2530,2750,2167,7029,5064,6323,13,4791,2251,4436
7607,2535,2536,3016,4911,2329,3764,6666,1883,5900,4790,6602
7643,2547,2548,1743,4431,5639,1185,5436,2020,3228,1103,4178
7649,2549,2550,5472,2695,4211,7263,3921,4581,353,1187,5572
7673,2557,2558,4198,3768,4968,7001,168,6449,1371,6600,4083
7691,2563,2564,1613,5410,1669,3392,6843,1334,291,1781,329
7703,2567,2568,4063,624,6500,1111,1648,6080,455,4007,3523
7727,2575,2576,4022,7301,4085,653,5632,1932,2325,2818,3379
7757,2585,2586,5657,4730,2863,4605,788,1580,2617,5417,2404
7793,2597,2598,4702,92,4805,847,5633,4001,3521,2004,5365
7817,2605,2606,3693,4726,2453,1965,1463,2548,1136,5765,7044
7823,2607,2608,5744,4672,6049,1651,1543,7067,3933,566,879
7829,2609,2610,1747,5392,2077,1995,5373,3668,4862,920,1063
7841,2613,2614,4905,5551,1702,4191,4833,4232,5306,5529,4596
7853,2617,2618,6920,6729,6811,3144,7067,1419,3862,4313,2405
7877,2625,2626,17,4913,5393,2918,3209,5073,1410,6065,2177
7883,2627,2628,3090,3730,6639,1230,3634,1441,6628,983,2662
7901,2633,2634,1759,3144,6174,6167,4384,1989,4719,4519,2864
7907,2635,2636,6321,3445,7828,6181,4385,7718,1664,4574,3484
7919,2639,2640,4684,5003,1548,7642,2049,1091,4186,4230,903
7937,2645,2646,7329,4254,7752,1668,7520,3481,6034,2520,7773
7949,2649,2650,5771,794,905,5306,2648,7748,6570,4398,2536
8009,2669,2670,3773,6343,4201,1048,7747,8005,6167,2581,5544
8039,2679,2680,1302,7963,5995,5712,6611,2578,7620,763,7889
8069,2689,2690,31,5584,5047,6124,6538,5351,528,7505,2369
8081,2693,2694,5437,3696,1985,6310,2463,1329,4570,538,7276
8087,2695,2696,889,4896,4645,4985,4819,2172,5040,2029,5441
8093,2697,2698,1159,4176,6584,7593,125,2484,3411,1676,2099
8111,2703,2704,2480,5059,4001,4789,4886,6558,434,1058,6543
8117,2705,2706,4408,5224,4589,3813,1076,7076,100,710,6206
8123,2707,2708,7423,1798,771,7870,2094,6004,1054,2265,4936
8147,2715,2716,4059,4080,7577,6266,2507,17,4195,6655,7191
8171,2723,2724,4211,6424,1686,3564,7280,1939,1741,1765,1865
8219,2739,2740,6829,5002,2997,7404,6368,8022,4871,4623,2204
8231,2743,2744,7175,861,5535,3757,5234,538,8103,5631,6599
8237,2745,2746,3565,2584,7410,6216,6683,8054,4963,7210,4702
8243,2747,2748,7927,7951,1857,2089,5660,700,126,4494,5700
8273,2757,2758,3200,3772,7468,2996,7524,1448,3120,5773,4245
8291,2763,2764,5609,4528,4482,2406,3544,6382,721,5065,4210
8297,2765,2766,4069,2620,2966,57,2060,2238,852,6679,4128
8363,2787,2788,316,897,4950,923,1860,7198,2036,2141,7497
8369,2789,2790,6627,1410,1812,7265,276,626,3477,696,2694
8387,2795,2796,1135,4504,2972,6037,4781,5941,2344,4881,5135
8423,2807,2808,2870,3853,961,6097,4793,3519,5520,5938,8408
8429,2809,2810,7005,3222,5878,879,6102,460,1816,6918,6566
8447,2815,2816,5447,7694,177,3399,1262,5326,6545,3991,677
8501,2833,2834,4203,6529,2364,8182,2205,1126,1616,2062,3448
8513,2837,2838,4537,3050,7337,4918,3027,6562,4397,5690,1823
8537,2845,2846,1548,6963,5661,7897,160,4017,3104,3522,3867
8543,2847,2848,6480,4203,153,6610,2619,7804,8386,672,6565
8573,2857,2858,7309,2428,2692,5487,5058,233,1357,179,5306
8597,2865,2866,2695,5044,3255,6971,4705,5753,112,8043,6858
8609,2869,2870,3511,5418,5237,7198,2505,6,6302,6373,2016
8627,2875,2876,383,2863,784,4541,5335,7904,8131,3496,1328
8663,2887,2888,7990,3764,5072,1496,8289,6300,8142,5203,1459
8669,2889,2890,5326,5201,7705,15,6498,6272,7716,2005,1643
8681,2893,2894,3416,1367,7301,3226,3534,1385,5064,3650,5110
8693,2897,2898,8375,6668,3763,5937,689,4722,5841,5731,2463
8699,2899,2900,6562,5272,1169,4399,1075,2548,4720,4638,2186
8741,2913,2914,4646,7510,6097,5780,7296,8480,4274,3607,3107
8747,2915,2916,8097,4559,854,1391,1839,2300,8540,8438,7352
8753,2917,2918,8097,1340,220,7329,356,6343,4477,395,7661
8783,2927,2928,5357,3838,5325,8664,6617,206,5580,5643,6949
8807,2935,2936,971,2154,569,4980,7562,1108,3767,7625,4770
8819,2939,2940,3153,5524,2583,8273,4546,3937,6907,7575,3984
8831,2943,2944,2541,339,6285,3126,3634,4543,7313,3125,1715
8837,2945,2946,4933,5312,7654,8115,4599,4405,5427,7905,3331
8849,2949,2950,5398,5780,5385,8503,4511,2532,1568,415,114
8861,2953,2954,296,7050,5940,8039,4636,2308,8261,1740,6651
8867,2955,2956,6026,4896,1413,5857,5186,1824,1006,3191,582
8933,2977,2978,7398,5531,2610,6491,5077,5156,2314,3442,4542
8951,2983,2984,7276,5292,270,1025,6457,5529,2,1860,1628
8963,2987,2988,1170,5567,8889,5590,3084,4,3677,1863,8614
8969,2989,2990,5009,4657,3929,8657,78,473,3480,2157,7942
8999,2999,3000,20,8000,671,2243,1689,8302,2678,2111,2043
9011,3003,3004,7480,8437,1210,6876,7292,2323,1941,7213,7178
9029,3009,3010,1369,624,6610,8074,2496,4972,2517,7438,5026
9041,3013,3014,3125,8101,3230,2443,6170,5684,5046,4992,4498
9059,3019,3020,6055,7536,2839,5734,3096,8719,348,4632,6713
9137,3045,3046,1322,1606,63,4779,5658,197,4500,414,8140
9161,3053,3054,6036,3125,8632,428,9054,324,2336,8229,105
9173,3057,3058,1823,1668,4396,9140,6888,6851,5324,5382,5091
9203,3067,3068,4362,8051,6685,6375,707,3618,1730,7278,5499
9209,3069,3070,2717,7485,4437,5566,3213,5610,6324,6275,733
9221,3073,3074,241,43,4375,6862,2895,416,4133,8224,8320
9227,3075,3076,5888,1238,8453,1431,1949,2869,7403,2239,688
9239,3079,3080,4283,7068,2814,5843,849,4969,2078,8552,7247
9257,3085,3086,5194,2420,1251,2823,6237,9213,1342,4849,4005
9281,3093,3094,6693,269,5375,414,4537,3329,3306,1507,7304
9293,3097,3098,2674,1639,2064,1168,9001,7294,5164,3540,2044
9311,3103,3104,3255,7628,8239,7004,7560,4396,6076,2436,8673
9323,3107,3108,4161,3825,9151,5294,3338,3276,1946,5851,8799
9341,3113,3114,2724,8551,6928,3831,6048,4864,6208,2881,5586
9371,3123,3124,6820,5027,7635,686,4514,8281,4078,6072,8339
9377,3125,3126,5829,4798,2845,6551,5395,8711,8868,5294,7737
9413,3137,3138,1080,7862,3148,8357,264,8457,5378,5763,526
9419,3139,3140,6779,8768,8839,6207,803,5112,6337,3293,5986
9431,3143,3144,36,8932,3621,1134,4432,6124,6061,9069,7921
9437,3145,3146,9149,6612,7337,2629,1702,9287,5471,4742,632
9461,3153,3154,4774,3077,1364,9132,7178,1466,7266,1019,8381
9467,3155,3156,2321,9119,9318,7998,2734,3802,202,6838,678
9473,3157,3158,280,3059,5106,8897,144,934,966,3973,4485
9479,3159,3160,1737,6680,6135,4135,1336,5801,1885,5565,1493
9491,3163,3164,4740,1020,2305,2289,6546,309,8091,78,4249
9497,3165,3166,1084,4070,2503,42,4738,6886,3718,6620,1294
9521,3173,3174,208,1567,1218,6641,720,2152,2312,4326,7963
9533,3177,3178,6381,9141,5294,8998,2517,5312,9049,9384,7847
9539,3179,3180,3003,3112,8253,423,2279,25,4771,8850,9290
9551,3183,3184,7354,4580,9296,513,7035,4240,8987,8382,1193
9587,3195,3196,6218,6204,9246,5220,8282,3566,3276,4162,9066
9623,3207,3208,7231,4855,3499,1659,1991,4336,2640,8771,4078
9629,3209,3210,6879,2893,3784,5149,1120,206,9014,9528,6627
9677,3225,3226,3313,6273,800,199,7208,6076,8753,3643,6361
9689,3229,3230,8139,4949,667,7371,5424,4785,9220,9364,9309
9719,3239,3240,2114,6404,4316,8945,5053,6814,6857,3071,9026
9743,3247,3248,6616,3942,4128,8438,2762,665,5609,3185,3258
9749,3249,3250,3221,3884,4685,3750,3937,9283,5825,847,5132
9767,3255,3256,9713,8575,5921,6342,3298,6884,3276,2966,322
9791,3263,3264,7041,2071,2965,6562,3255,2827,6814,314,388
9803,3267,3268,8956,3335,3217,5047,1189,7287,6462,8248,1989
9833,3277,3278,2482,2488,8612,7106,3140,7290,2525,6398,1640
9839,3279,3280,5266,8427,546,9184,7543,2112,2695,4377,6967
9851,3283,3284,161,6308,7782,6331,880,7007,6108,5270,5446
9857,3285,3286,5356,2947,1451,9760,7417,6260,6813,5220,6470
9887,3295,3296,570,9490,701,5728,8455,2721,6797,7086,5939
9923,3307,3308,7511,3539,7717,4747,1294,5031,4216,6553,9630
9929,3309,3310,7053,6635,2750,5281,1162,5507,4662,5445,847
9941,3313,3314,5634,3908,9156,5581,1090,8206,4030,3848,5305
10007,3335,3336,1471,3565,5971,9047,240,6299,9688,2486,9669
10037,3345,3346,7902,4603,3634,4167,6486,3416,8203,8840,7422
10061,3353,3354,4329,2046,4973,6727,5864,8918,1278,8851,5692
10067,3355,3356,1271,459,4223,9738,2599,5955,5414,8013,923
10079,3359,3360,3043,1313,5878,2656,9415,263,4595,7693,6562
10091,3363,3364,3650,8740,6230,6080,8571,9359,7900,640,8406
10103,3367,3368,9851,144,5136,9682,2631,7237,4454,9849,7464
10133,3377,3378,3794,7773,1532,1623,7194,5972,4193,1771,3467
10139,3379,3380,5486,7015,1346,5433,6246,2066,3454,4580,8786
10151,3383,3384,2662,8681,8400,4309,6536,3269,9233,8236,6655
10163,3387,3388,2308,7589,6106,2369,7030,6900,7333,4705,398
10169,3389,3390,8227,9644,4841,5346,3748,4075,3778,4785,2875
10181,3393,3394,6199,2229,309,4837,1336,1845,7798,3028,4255
10193,3397,3398,5253,9388,3212,1874,4628,6690,8851,9941,1162
10211,3403,3404,3722,8164,7436,2554,4467,9465,7054,3663,8869
10223,3407,3408,2060,6024,9167,2067,2039,9655,1021,933,3133
10247,3415,3416,2933,4360,5880,7187,765,136,306,7973,9111
10253,3417,3418,882,8461,9911,9349,226,6892,5803,7993,2734
10259,3419,3420,1156,4196,6202,9726,2698,10056,6096,10173,3855
10271,3423,3424,8263,8555,3041,3699,1643,251,5181,3108,4570
10289,3429,3430,1082,3422,3963,6711,6039,3327,4669,5290,2495
10301,3433,3434,9957,1968,1462,1162,4860,8090,9170,1237,10173
10313,3437,3438,4719,5193,8996,8335,5651,2031,995,721,10004
10331,3443,3444,5249,7521,6601,4978,3921,4704,9019,631,6590
10337,3445,3446,2395,10245,8944,5618,3764,2031,4016,2344,5447
10343,3447,3448,5379,6870,8445,4083,1565,8331,9828,3267,7240
10391,3463,3464,5604,3653,6944,4793,6595,1707,2018,9403,2375
10427,3475,3476,5516,8686,8036,4941,6585,316,5255,9896,9193
10433,3477,3478,3477,5023,5665,7845,647,509,1812,3395,8235
10457,3485,3486,1717,1108,2071,5455,6479,2398,1514,3023,4803
10463,3487,3488,8496,5636,7317,8135,582,9631,2785,6093,4027
10487,3495,3496,6475,10267,2854,9629,5458,7110,3662,909,1154
10499,3499,3500,8653,98,1264,857,7660,2949,10484,9959,9832
10529,3509,3510,2478,8654,7640,10310,2687,521,2288,1534,5141
10559,3519,3520,3670,2636,5732,6337,6335,169,2750,7953,2336
10589,3529,3530,2105,8153,2824,3208,9787,8443,2382,8485,7033
10601,3533,3534,8944,5969,6452,6248,9039,9329,7804,3698,1213
10607,3535,3536,9153,5150,2180,7843,691,4931,3906,8852,8888
10613,3537,3538,1421,168,5358,379,7865,3512,6439,8216,7099
10631,3543,3544,3952,4563,5432,1328,10299,539,9915,1533,536
10667,3555,3556,2777,7554,2132,9430,2976,841,5058,10627,6301
10691,3563,3564,9655,4181,4598,9548,8304,1276,6685,1727,3925
10709,3569,3570,4369,9253,8730,7664,8793,1702,3656,5952,1794
10733,3577,3578,1468,2016,1525,1693,2260,3525,9990,6635,2772
10739,3579,3580,1105,6143,7247,715,2506,4009,10532,9295,3855
10781,3593,3594,3948,8885,2057,3787,7139,7612,3209,7695,3006
10799,3599,3600,4392,8277,777,8384,8703,2627,4561,6923,8790
10847,3615,3616,3249,1310,8887,8926,3192,5411,9736,9388,6651
10853,3617,3618,5613,6292,4925,10063,5624,6895,5733,2447,7608
10859,3619,3620,5230,4566,7189,7363,874,9769,5137,1142,9028
10883,3627,3628,255,6566,9252,4810,4239,10111,170,10704,1306
10889,3629,3630,9688,7409,7114,582,5299,3598,10825,752,4894
10937,3645,3646,4864,10352,1467,8357,645,7077,10866,7246,9953
10949,3649,3650,6010,7232,7052,9323,5881,8424,1215,3659,10225
10973,3657,3658,7791,9922,4647,7726,3555,5158,5948,5582,3669
10979,3659,3660,4986,5298,8108,1032,10721,7789,4072,1655,7569
11003,3667,3668,6761,8913,6441,2885,7531,7094,7545,7326,496
11027,3675,3676,758,8147,837,850,5301,5376,6554,10467,4792
11057,3685,3686,4241,10450,4979,4135,7259,1093,249,7750,4425
11069,3689,3690,1585,3117,5057,4858,4320,3908,4868,10547,6096
11087,3695,3696,4691,2645,4730,2821,7610,2490,5413,4990,2372
11093,3697,3698,3691,9975,10440,6886,3825,5124,5974,1968,2370
11117,3705,3706,3835,8322,1411,10588,8470,5762,6409,10553,8390
11159,3719,3720,2993,1491,9305,6646,3918,7540,4691,9941,1938
11171,3723,3724,9522,9925,2811,1560,10781,5270,8907,1513,6940
11177,3725,3726,5827,1730,4185,1150,5301,7891,9069,10439,3080
11213,3737,3738,6487,2238,1613,4389,1706,1253,2878,889,5649
11243,3747,3748,8006,4375,5238,10323,230,2594,7642,2483,2892
11261,3753,3754,8281,5742,10898,10049,303,1157,4978,1124,5170
11273,3757,3758,5512,10584,10427,2716,10594,7949,5293,7468,813
11279,3759,3760,3520,6850,6515,6527,1188,10293,10557,4347,8734
11321,3773,3774,5881,9684,6494,8368,9229,1174,1967,4403,7383
11351,3783,3784,2404,8549,7935,5080,10081,3746,4725,3314,8825
11369,3789,3790,2938,6870,8745,8281,772,483,3181,186,1554
11393,3797,3798,5850,952,2586,7348,9556,3359,419,373,10857
11399,3799,3800,11108,2467,9058,3142,4914,6269,7361,5258,4710
11411,3803,3804,8695,2486,132,3617,7654,4578,5011,864,2935
11423,3807,3808,2746,1873,6725,2964,10682,10661,2881,5558,5997
11447,3815,3816,10836,5238,3690,1285,8264,75,6999,4659,7940
11471,3823,3824,1656,8342,5273,11,2865,6445,3258,5400,6331
11483,3827,3828,8919,5420,2655,11233,5804,9108,7846,6480,4188
11489,3829,3830,702,3129,9840,7182,3949,187,11277,4093,2725
11519,3839,3840,10562,1698,11369,2605,7988,5060,8115,9343,7985
11549,3849,3850,5549,11531,8134,3850,4812,6658,28,8621,8770
11579,3859,3860,7293,4851,4069,5077,7415,4989,204,184,2487
11597,3865,3866,10844,8972,3406,1776,11153,7570,11337,10267,10150
11621,3873,3874,10896,9328,10889,9386,3464,8519,10580,10096,2057
11633,3877,3878,9976,9577,258,9879,6255,668,2058,6832,11246
11657,3885,3886,6957,558,10890,4011,7740,2663,4383,6794,3838
11681,3893,3894,3821,6087,97,8198,3791,2939,8973,2545,3530
11699,3899,3900,4448,5204,3728,7603,1024,5844,872,9026,10988
11717,3905,3906,3769,6016,2425,1897,2455,6935,2273,1352,10899
11777,3925,3926,4862,5235,11493,6722,4208,3904,2222,4130,1526
11783,3927,3928,9509,6554,8567,8795,747,7880,8046,10344,6247
11789,3929,3930,6972,7762,1654,7348,9952,10936,7908,8514,4102
11801,3933,3934,5050,7720,9453,7102,4125,6494,3477,10720,639
11807,3935,3936,7326,4683,4549,5340,10472,3561,7200,11119,9407
11813,3937,3938,6313,780,7178,9723,6429,487,9791,5160,8692
11831,3943,3944,8993,8937,2997,5985,7377,11725,5477,9979,6664
11867,3955,3956,10153,11229,7747,11309,6073,6727,6758,5914,2729
11897,3965,3966,442,2462,7851,10399,6323,8839,11566,473,9190
11903,3967,3968,4399,9891,6691,7466,4085,4719,10917,5719,2835
11909,3969,3970,9036,5176,11335,10211,6379,70,4134,5139,11441
11927,3975,3976,2903,10511,880,657,8781,10104,4104,4758,8776
11933,3977,3978,9417,3272,7772,11809,31,5779,4460,5323,7912
11939,3979,3980,6908,7030,11062,1790,5522,8795,7369,3152,11406
11969,3989,3990,981,9297,6371,3700,11044,10360,3505,10743,10421
11981,3993,3994,2242,249,2463,6207,7434,5730,7382,3712,5296
11987,3995,3996,6653,10667,11036,2016,11483,10087,9975,10193,722
12011,4003,4004,1774,7848,2555,9247,691,6275,5094,1616,8989
12041,4013,4014,5298,6212,4876,9463,6665,7704,10523,9452,7179
12071,4023,4024,3346,1969,8031,6247,1456,5164,8170,9358,10120
12101,4033,4034,3725,4350,4313,5024,10845,484,2894,8669,7231
12107,4035,4036,4743,11547,8181,3070,5286,8719,5858,3755,4116
12113,4037,4038,5060,3,1156,12111,6057,5968,7314,8083,3160
12119,4039,4040,7063,4582,7573,2756,11430,11350,1771,4558,6576
12143,4047,4048,7152,516,9374,11437,6248,11194,9884,5779,9679
12149,4049,4050,794,3086,9358,7850,4112,7049,5263,6562,4875
12161,4053,4054,8823,2776,10369,4372,11068,2366,7528,7951,865
12197,4065,4066,5560,4274,8151,11592,9299,6961,6317,9295,2935
12203,4067,4068,7970,7456,2002,6838,4392,3619,4595,10510,7882
12227,4075,4076,10098,8110,3541,9269,6853,3219,7459,7621,1051
12239,4079,4080,6893,10312,12005,705,9003,9929,7850,7148,1755
12251,4083,4084,2632,433,1452,11770,3183,10118,2658,3889,11474
12263,4087,4088,8266,6361,8394,6412,10660,8293,1124,4153,3471
12269,4089,4090,6811,10402,3925,11993,69,7260,11365,12036,6687
12281,4093,4094,4267,11931,3771,4351,8123,6230,5306,7826,3822
12323,4107,4108,5395,6690,1201,10411,478,1629,366,3188,8633
12329,4109,4110,2012,7774,1192,2344,11743,4242,1372,11762,487
12347,4115,4116,3916,90,378,6585,7614,9789,11481,7936,11365
12377,4125,4126,4801,11165,6025,674,6020,2733,5446,7481,6079
12401,4133,4134,9657,11296,12202,6049,1588,4228,3203,10218,10995
12413,4137,4138,8975,623,6138,6336,10829,5710,5358,792,4135
12437,4145,4146,7882,4248,3084,1985,2613,10756,7191,8990,8146
12473,4157,4158,9793,520,1730,5325,1787,1555,3338,8869,9819
12479,4159,4160,9327,3700,8185,4769,8167,4660,9248,7961,1618
12491,4163,4164,4097,8114,9145,10188,9944,8729,8163,4210,6307
12497,4165,4166,12361,8938,10571,4628,11340,11941,1964,900,7515
12503,4167,4168,12466,11862,3838,5325,8046,9962,11750,9264,7937
12527,4175,4176,11250,9966,11678,3605,8494,9056,5376,4430,3558
12539,4179,4180,12504,7281,5603,4159,2095,4745,7997,11620,9748
12569,4189,4190,7892,6028,111,11981,147,8268,4111,12479,1953
12611,4203,4204,8342,9313,2116,4428,11504,35,12400,6364,2885
12641,4213,4214,5545,2221,732,10814,3617,7523,1304,7439,4250
12647,4215,4216,7583,8257,3466,4788,11450,5739,5473,10267,11011
12653,4217,4218,3316,7172,6717,9862,3861,12282,487,461,1905
12659,4219,4220,392,4766,4368,11485,6623,10737,5176,12075,3482
12671,4223,4224,7426,6392,12432,5158,5046,9547,2221,3579,4353
12689,4229,4230,6429,5382,1904,5715,8088,6669,7,7349,36
12713,4237,4238,10683,6686,2411,3974,5363,7747,1876,11523,5243
12743,4247,4248,7898,6165,9999,7652,10830,7578,5737,1236,6610
12791,4263,4264,3590,8668,8895,3031,2440,12150,11271,8469,6157
12809,4269,4270,6571,9318,8630,4924,11578,10706,7586,1964,2234
12821,4273,4274,2534,1278,397,1565,2814,8052,130,5646,8330
12893,4297,4298,5390,9191,9026,7857,1259,11292,4409,8270,12835
12899,4299,4300,3174,8156,7123,3957,8685,8581,10511,6657,3164
12911,4303,4304,8804,3007,11602,9665,7267,8913,486,76,354
12917,4305,4306,9172,6791,636,10994,3710,11492,9446,11608,10864
12923,4307,4308,7729,11937,12533,4430,5354,1188,12429,4937,12332
12941,4313,4314,239,12105,12780,11424,10085,1518,5197,10566,11782
12953,4317,4318,11382,6797,6083,6527,8083,5310,5667,7497,7402
12959,4319,4320,8666,5524,10222,10355,651,8191,4016,5284,5533
12983,4327,4328,9375,10510,923,126,6460,3811,3804,12711,4296
13001,4333,4334,4061,8618,6165,6852,11288,9463,415,1413,7580
13007,4335,4336,2748,9108,4374,10068,10490,9662,4767,105,9011
13037,4345,4346,12573,5187,203,2345,2673,3751,4345,7067,4677
13043,4347,4348,871,4888,7668,7306,4695,4240,9631,11395,4270
13049,4349,4350,10333,6287,11527,5824,11593,5212,10688,110,3383
13103,4367,4368,4681,5747,8229,6466,4935,9905,6634,8460,10192
13109,4369,4370,8520,2223,11084,973,3034,830,8787,5887,7352
13121,4373,4374,1581,10040,11185,8215,7787,8033,2474,9468,7904
13127,4375,4376,12187,671,9992,8960,10887,3215,10010,8630,7093
13151,4383,4384,11258,957,11563,10595,639,4385,4527,3956,12739
13163,4387,4388,8709,11850,9118,7178,4787,11075,4826,747,9941
13187,4395,4396,3288,7778,2595,2889,9168,6515,12948,10658,8823
13217,4405,4406,5479,5884,1478,12916,9988,6362,7113,5514,8932
13229,4409,4410,10155,6587,7537,11305,481,403,12269,3283,610
13241,4413,4414,7541,8771,5152,9402,4270,11833,6897,6065,12758
13259,4419,4420,3195,5826,9512,10528,10627,848,6156,6318,3984
13313,4437,4438,629,11593,4984,5093,2055,7735,3754,1160,7577
13331,4443,4444,6071,7272,10466,13320,10001,1120,380,12161,3422
13337,4445,4446,2691,1301,12131,5751,8565,7276,288,7234,315
13367,4455,4456,10422,5985,8658,8047,1330,5844,9110,3017,4632
13397,4465,4466,12584,12667,10169,2606,6047,10389,4290,3916,2447
13421,4473,4474,2130,7265,2604,5821,1900,1747,678,2100,5327
13451,4483,4484,5370,13187,1593,5197,8789,10533,9497,9800,4688
13457,4485,4486,2319,8692,1356,9057,1100,11735,8989,9971,8204
13463,4487,4488,2517,8638,6090,7849,8135,4099,2915,2018,8149
13469,4489,4490,2019,7754,3124,7438,4875,12038,4142,6024,8095
13487,4495,4496,3486,9639,7569,8517,7986,9098,6377,9257,3103
13499,4499,4500,6980,4617,1605,3298,5925,6535,3352,30,4763
13523,4507,4508,9098,2469,11801,11847,419,2047,12658,7383,7174
13553,4517,4518,2568,5918,7722,10443,7554,11386,8547,4811,6318
13577,4525,4526,5484,1439,10888,3557,2505,2409,12017,9233,8613
13613,4537,4538,7118,13194,12763,4581,2258,7733,672,10191,1715
13619,4539,4540,1040,2695,8131,9647,993,10614,6295,7828,2923
13649,4549,4550,7988,1877,7151,1927,9755,11467,6052,9240,5979
13679,4559,4560,2718,9243,12057,1696,13255,5753,2619,4780,8627
13691,4563,4564,6143,7341,3321,10099,898,12934,2485,12250,13668
13697,4565,4566,10984,10839,1662,8962,4608,2937,3961,13221,1023
13709,4569,4570,5346,302,1957,8988,11462,11747,6678,1394,1532
13721,4573,4574,9040,8526,2868,8053,1417,9168,12532,9860,10656
13751,4583,4584,12539,9344,403,11364,10910,7761,2546,5144,13098
13757,4585,4586,13258,1725,12920,8637,1280,7102,8915,4099,9796
13763,4587,4588,467,1363,9466,2484,13142,12684,12546,8066,1870
13781,4593,4594,252,3267,8167,3885,2474,11072,13153,6911,8676
13799,4599,4600,2639,10215,10995,6861,8634,6763,4082,3666,7200
13829,4609,4610,6601,11627,1330,11229,650,4401,6082,5692,7305
13841,4613,4614,8369,6547,1533,7393,1612,3118,6552,4802,13044
13859,4619,4620,2255,2660,8366,2157,9855,10093,12283,6150,881
13877,4625,4626,7290,2279,8668,3008,13125,8217,6508,1183,6009
13883,4627,4628,12510,8871,1823,3540,12998,1380,5811,9360,7505
13901,4633,4634,78,1918,5271,4624,12745,8461,5115,10300,2260
13907,4635,4636,354,12441,6086,6261,8865,4761,6731,13513,13877
13913,4637,4638,10688,1295,409,1257,3164,5142,7391,13087,5340
13931,4643,4644,11944,7951,8258,12892,10708,319,10438,11762,9163
13967,4655,4656,10931,11864,6436,11596,11068,5658,1910,6748,3565
13997,4665,4666,3579,11415,2943,206,6947,1080,4179,8488,2888
14009,4669,4670,4112,5118,11069,4812,12806,2124,11196,2297,10904
14033,4677,4678,12797,6125,7394,9295,8201,9509,8213,13496,1896
14051,4683,4684,443,4770,3333,3906,6049,2970,2753,1017,1781
14057,4685,4686,8978,3881,13703,5893,2041,12740,6946,5681,11141
14081,4693,4694,1741,3813,7618,5351,9223,8146,8631,12765,13287
14087,4695,4696,5552,5621,2935,12250,3981,6092,2281,6461,269
14153,4717,4718,4264,311,10133,8601,1388,8555,10436,1906,10862
14159,4719,4720,1081,5097,13643,25,10613,11332,10544,9476,12228
14177,4725,4726,12851,4559,8232,13213,241,6814,10018,6511,1366
14207,4735,4736,12851,2484,10320,11496,11333,45,4142,11341,6624
14243,4747,4748,3687,3376,3043,1831,3103,13110,12217,167,4147
14249,4749,4750,2435,6115,5028,2456,13635,11349,130,3571,10220
14303,4767,4768,2470,11290,6339,11037,7968,4790,1793,12371,7605
14321,4773,4774,4251,4953,9569,4259,9676,131,690,13908,10880
14327,4775,4776,6437,4866,1405,7137,8961,5197,11964,7810,4085
14369,4789,4790,5460,8081,2473,9200,12069,7405,10087,4136,11941
14387,4795,4796,3491,7241,584,6209,9238,13795,4658,4636,9354
14411,4803,4804,59,3625,5361,3562,6315,2391,8598,11044,1243
14423,4807,4808,10239,6895,10676,12304,11347,12658,13577,778,12465
14447,4815,4816,12010,11640,12432,8065,8819,3570,7135,3041,3000
14489,4829,4830,14479,13489,4650,7911,8889,4338,11143,3012,3910
14519,4839,4840,12766,14312,7682,7996,12520,10855,12024,12156,8937
14537,4845,4846,664,8838,2861,7984,12541,1217,12080,8526,468
14543,4847,4848,7426,3121,2633,4026,6265,4639,9263,10926,4970
14549,4849,4850,12504,10251,7193,6391,9314,52,8588,6859,10539
14561,4853,4854,226,10864,13503,11867,7954,2931,12788,758,1999
14591,4863,4864,6059,137,2429,1278,6976,10923,10852,10220,1322
14621,4873,4874,10301,374,3012,10868,11904,1193,8712,3804,12811
14627,4875,4876,11807,11979,6617,696,14453,2747,7584,10947,6773
14633,4877,4878,10249,6600,8461,9272,12315,11709,9568,5483,6699
14639,4879,4880,3806,12102,623,13710,3892,5681,9799,1242,5041
14657,4885,4886,13119,5069,4629,1972,14164,7350,8869,1754,13743
14669,4889,4890,901,7023,11047,13115,7723,3603,8579,734,6276
14699,4899,4900,6903,62,4294,6164,13158,11565,14489,7636,9681
14717,4905,4906,9625,13597,3522,8436,12608,12244,1964,6431,3716
14723,4907,4908,11426,879,8689,14321,7462,9838,45,5764,2539
14741,4913,4914,4733,9733,6719,12345,599,11510,13281,10264,722
14747,4915,4916,8685,8730,8823,9507,1310,12319,9333,9040,1675
14753,4917,4918,12350,14570,7628,1693,3265,6703,10707,5589,7068
14759,4919,4920,1825,14547,14090,7658,5465,12756,5771,14051,7939
14771,4923,4924,6642,11269,2643,4530,6253,5003,9675,11835,3975
14783,4927,4928,11244,3005,6739,2199,3146,11786,9200,5745,3309
14813,4937,4938,7156,14320,7421,12229,646,5847,14220,10328,3427
14831,4943,4944,12339,1617,3044,9603,1307,13830,5881,13480,5623
14843,4947,4948,5831,2969,11550,14828,11136,14026,11553,7957,6292
14867,4955,4956,3573,11536,13416,12622,4278,2813,13675,6780,2562
14879,4959,4960,5154,5942,13680,9300,12554,8947,13390,12131,1972
14891,4963,4964,2599,13131,12097,12302,4370,13679,11341,8154,2124
14897,4965,4966,6402,7814,10978,6562,5808,2108,13330,7214,14324
14939,4979,4980,14235,1620,2200,9904,12463,14834,10964,6406,14413
14951,4983,4984,11172,10873,9154,11974,4482,4733,5729,3264,8027
14957,4985,4986,5497,13996,11260,8389,1642,7261,5964,4065,1124
14969,4989,4990,1338,7092,4743,1659,10812,3075,488,12013,2203
15017,5005,5006,5245,2492,7864,10859,8548,12512,12743,3086,12234
15053,5017,5018,4647,908,3300,9118,5247,8431,9597,12319,11813
15077,5025,5026,6486,380,862,11030,4781,12190,9902,6604,4153
15083,5027,5028,14462,4813,2167,2670,6874,6162,986,655,4489
15101,5033,5034,14801,588,3830,1695,10902,14404,11793,9939,12752
15107,5035,5036,13511,12499,8838,5920,13627,7372,3686,2729,13798
15131,5043,5044,2171,1544,7758,14837,7639,5536,10596,7596,3972
15137,5045,5046,14154,14937,13476,12261,719,2413,14346,8334,15102
15149,5049,5050,5052,2257,1420,2517,3158,10582,12967,9281,7665
15161,5053,5054,11940,13026,6333,9686,5159,7527,10358,12391,4679
15173,5057,5058,7511,165,12919,10759,8690,5360,8977,15034,6830
15227,5075,5076,12317,2867,2401,717,11241,12819,90,14594,14193
15233,5077,5078,6254,4257,7410,9318,5287,13052,2379,6669,3910
15263,5087,5088,2034,10251,99,5110,6354,6918,8330,6167,10510
15269,5089,5090,3891,9147,519,13997,318,11054,6035,3321,14722
15287,5095,5096,9789,2302,3429,10333,8882,2243,11011,1405,12180
15299,5099,5100,373,909,10378,9139,1540,8496,12238,12825,8265
15329,5109,5110,4155,14362,6612,1823,11041,3473,9333,1383,6709
15359,5119,5120,10458,7469,11737,6202,6129,8435,9797,14419,10906
15377,5125,5126,589,6893,6154,7732,13444,2873,4152,3100,687
15383,5127,5128,3189,15136,14140,10027,1339,8771,12487,2783,11367
15401,5133,5134,12982,9833,6374,6489,2228,8523,462,8137,10527
15413,5137,5138,14432,935,14170,5308,14086,12029,8309,588,2793
15443,5147,5148,10261,138,6462,4700,14268,13128,11151,13303,4090
15461,5153,5154,15198,6150,8376,6652,13798,275,6777,12943,12007
15467,5155,5156,8345,1243,8178,11846,4772,936,3715,13276,5181
15473,5157,5158,8848,2549,7191,2507,10978,6203,12081,7121,8955
15497,5165,5166,12139,11088,8855,14432,11889,6003,8645,11629,9355
15527,5175,5176,11785,6036,2534,3411,3029,5594,13168,5890,14185
15551,5183,5184,11502,6747,745,14417,8059,1909,1972,6305,11585
15569,5189,5190,6282,68,1416,15111,7899,12151,3527,10838,9301
15581,5193,5194,9301,8945,1999,803,11485,9620,10441,7868,10920
15629,5209,5210,11501,1097,2031,11996,12630,2088,15314,8127,8306
15641,5213,5214,9047,4574,12678,8713,1732,11149,9796,7808,3152
15647,5215,5216,4094,8080,13965,732,15464,14826,4354,11528,7400
15671,5223,5224,495,9506,1000,3607,3016,6536,5465,3513,14264
15683,5227,5228,12359,13885,12495,3803,2970,7394,8054,2905,5346
15731,5243,5244,5135,12584,10167,7873,9830,10524,3969,12401,13617
15737,5245,5246,3652,2955,3671,7525,2053,15671,9133,15452,3782
15749,5249,5250,2345,11170,1088,14387,8215,13565,8391,7934,4375
15761,5253,5254,7785,9662,3620,14257,376,801,4387,9383,9130
15767,5255,5256,10988,15623,7400,657,11661,6570,14417,8381,11393
15773,5257,5258,9355,6482,8523,7996,13774,1335,7901,5459,10328
15791,5263,5264,13230,2219,7122,13955,459,10963,11065,11912,11321
15797,5265,5266,14379,9695,3914,13203,8547,4430,11595,13969,374
15803,5267,5268,11883,7100,7933,4456,14689,11358,2331,6158,6258
15809,5269,5270,13632,3291,7000,2594,7256,2345,5714,11237,8398
15881,5293,5294,15459,13325,6029,9208,13579,2815,4068,11434,4298
15887,5295,5296,14911,8951,11221,3477,11046,13746,10905,11268,6267
15923,5307,5308,1695,14439,8837,15129,8160,9829,1027,6295,12257
15959,5319,5320,2509,7232,7572,13792,12511,13169,14176,6257,5398
15971,5323,5324,15851,12839,14940,14533,8345,14038,1696,2372,3874
16001,5333,5334,4833,6436,11127,5753,2562,8161,14064,800,11685
16007,5335,5336,4102,13334,13469,4132,14974,11536,13085,8172,5090
16061,5353,5354,4123,15542,5080,12626,4874,14399,11913,87,4813
16067,5355,5356,11063,10739,12979,14131,484,5457,9135,14110,14151
16073,5357,5358,7621,15839,11163,12776,12879,12071,14933,10153,3266
16091,5363,5364,10534,8620,6996,6470,6428,10852,3341,5032,2594
16097,5365,5366,3265,9054,3776,10742,5363,1998,10344,8794,9978
16103,5367,5368,13161,11690,6416,13213,8774,10410,14149,12577,496
16127,5375,5376,10151,9786,12399,7050,6301,13249,2106,13587,11493
16139,5379,5380,8157,14275,10401,2407,3433,5323,15052,2889,3791
16187,5395,5396,8966,5024,7772,11193,9342,11983,14059,9574,15113
16193,5397,5398,13796,2692,7018,7110,6319,2401,2006,14389,9534
16217,5405,5406,7929,3907,14589,4956,14978,8980,3299,8191,13445
16223,5407,5408,8986,7281,15196,12199,1006,6512,4933,16177,2322
16229,5409,5410,12271,7732,9669,12665,891,2852,3050,13074,11738
16253,5417,5418,2467,6440,8113,9242,5816,1451,9967,8066,8558
16301,5433,5434,5203,3961,9380,15659,8311,15179,9781,11804,2019
16319,5439,5440,6490,10552,3153,5484,14948,6912,12047,14266,9309
16349,5449,5450,11660,12895,13133,15923,8281,13982,8556,9169,6280
16361,5453,5454,2575,10605,4557,13547,8884,4663,10273,12526,5452
16421,5473,5474,11194,11666,12855,13085,834,4480,10139,15488,15751
16427,5475,5476,1994,3493,7800,1994,7715,14831,12895,6216,6848
16433,5477,5478,3267,8772,15763,11049,1346,10494,12619,6656,10633
16451,5483,5484,4900,2520,6233,2781,11643,2882,10953,5391,1016
16481,5493,5494,7448,10163,1423,5838,6781,5712,16375,5847,11469
16487,5495,5496,8563,1293,384,6656,14823,11486,14780,7951,5259
16493,5497,5498,12372,9031,9435,12488,13371,9218,1194,6678,13611
16529,5509,5510,11268,11095,1080,2330,7682,4684,2718,14902,14159
16547,5515,5516,1843,12708,1633,8336,14463,1535,4749,12339,4258
16553,5517,5518,1210,9281,13000,13043,9154,15579,15774,8812,2506
16607,5535,5536,7999,13115,9462,12869,9238,12175,6847,12357,1086
16619,5539,5540,15138,15337,11917,4952,15381,6181,9599,9423,9854
16631,5543,5544,349,16344,4854,13328,13299,7981,16480,147,12905
16649,5549,5550,10418,757,1308,9963,9996,6317,14088,2078,13050
16661,5553,5554,9885,11861,10861,5394,6982,4109,9363,11041,362
16673,5557,5558,16650,4506,8500,4196,15624,8322,11794,5040,12231
16691,5563,5564,6922,3242,3510,13221,9213,1490,9101,6835,11738
16703,5567,5568,12603,4295,1503,105,12501,8895,11673,10367,9203
16763,5587,5588,11654,16241,11149,5395,2842,15234,14003,6366,5023
16787,5595,5596,3567,6756,3366,7171,2404,2517,1186,1380,6782
16811,5603,5604,11262,5843,9065,12737,9424,4394,10224,10440,9375
16823,5607,5608,414,15353,2586,206,8360,14277,1181,5709,110
16829,5609,5610,4554,2304,14502,6530,6782,599,3976,482,4162
16871,5623,5624,955,1629,8616,10657,9989,4226,13944,6870,9026
16883,5627,5628,1841,13415,1349,15627,314,458,13659,9126,13373
16889,5629,5630,12411,6512,3580,6323,11086,4341,4928,12403,13786
16901,5633,5634,8575,9405,7172,8933,1992,15529,10338,4546,14604
16931,5643,5644,8178,1103,13032,15089,8926,5239,10985,10680,5463
16937,5645,5646,2472,1803,6368,5439,11343,10849,7724,7322,2380
16943,5647,5648,1150,3548,7076,1977,12213,16052,1823,7594,14955
16979,5659,5660,10566,1781,16661,429,12627,1963,4769,11240,12201
17021,5673,5674,13456,6,4793,17020,12766,14443,9715,10834,16811
17027,5675,5676,16345,15469,15899,8284,14956,16555,12311,13661,16640
17033,5677,5678,5675,4397,14801,7918,6537,11798,7573,9748,2552
17093,5697,5698,4665,17051,4852,2442,7936,10319,15881,5397,15845
17099,5699,5700,6741,1421,9319,2912,16371,9628,13266,12455,11483
17117,5705,5706,3898,5551,8888,9075,10569,7036,3679,10401,4086
17123,5707,5708,11879,10488,12404,7866,6595,5676,5239,13026,3620
17159,5719,5720,10443,5747,7807,7533,10986,12604,3606,7935,5728
17183,5727,5728,2414,7053,11228,11124,14402,3869,3251,16868,15231
17189,5729,5730,9940,2130,15832,13267,9575,6147,4455,14084,13605
17207,5735,5736,10992,9530,1525,195,4253,9152,12009,13653,2629
17231,5743,5744,673,4827,9403,8910,6388,11565,11070,12367,5194
17291,5763,5764,7841,1676,4341,11039,1563,17223,6043,9986,12578
17321,5773,5774,33,1295,5808,214,8607,2264,15724,7726,136
17327,5775,5776,4306,15685,4301,6648,15665,380,11562,12108,5329
17333,5777,5778,17222,1676,10861,7260,15518,9857,3676,13123,11899
17351,5783,5784,16425,11037,7894,11800,14401,15730,5435,4448,384
17387,5795,5796,8021,14983,14875,622,8538,15654,5960,4667,16391
17393,5797,5798,3591,4801,3309,10843,10334,10915,15144,1348,11812
17417,5805,5806,11754,15809,14499,11633,1446,6088,12215,9561,11617
17471,5823,5824,1604,6896,11681,15429,9246,5971,2202,16750,13698
17477,5825,5826,16930,4782,801,17170,4446,3885,4873,8438,7163
17483,5827,5828,11270,2348,3160,16932,13250,16976,4380,3271,335
17489,5829,5830,14444,16047,3975,6428,15882,14198,6068,4960,15152
17519,5839,5840,12720,9256,17471,2911,3652,1584,449,507,14914
17573,5857,5858,4007,7751,5393,2308,16996,13989,4098,9187,6960
17579,5859,5860,3159,4926,7538,17215,91,10276,8343,8081,9085
17597,5865,5866,1661,9832,15534,4163,12157,2523,9135,6329,15176
17609,5869,5870,16858,2135,8522,15745,466,12762,10909,16735,6057
17627,5875,5876,15709,13436,2226,13930,5331,516,13452,4454,13394
17657,5885,5886,762,1622,9324,6967,11501,7581,6213,3137,4641
17669,5889,5890,2065,13440,1449,4646,7673,2331,11889,12866,4844
17681,5893,5894,16644,698,14951,3445,3559,14926,1965,12643,2065
17729,5909,5910,16569,618,14474,1377,4088,14874,5933,14597,1070
17747,5915,5916,12353,17259,6981,14474,5255,4128,1352,11942,9899
17783,5927,5928,4917,8683,17127,15864,13817,6431,17405,4671,391
17789,5929,5930,4729,4571,4229,3989,3450,15742,10579,9810,17590
17807,5935,5936,7393,1175,4138,15655,538,12541,10682,10317,14404
17837,5945,5946,13894,5251,7008,2174,8375,16212,2218,11177,17014
17891,5963,5964,13288,14096,622,17792,13443,11340,2400,5698,16544
17903,5967,5968,11262,10901,7823,15249,9615,6904,3073,9874,4429
17909,5969,5970,14879,12245,5153,664,17743,5320,7273,5103,17248
17921,5973,5974,16932,13911,17172,7660,16006,256,13769,7332,4220
17939,5979,5980,4687,2329,7268,11338,6135,11875,1279,12695,3173
17957,5985,5986,15818,7252,16078,5086,7707,11254,6981,4290,14661
17981,5993,5994,11112,8836,13155,13093,1222,4050,14311,17243,4156
17987,5995,5996,14917,2797,16162,12270,5926,10284,15598,124,15343
18041,6013,6014,9063,11367,12750,3233,3702,12960,7769,8623,3210
18047,6015,6016,9115,5831,6709,16744,13861,8561,9636,17807,2229
18059,6019,6020,6896,7032,7141,1772,17616,10172,8067,14832,15567
18077,6025,6026,2667,16932,4243,9820,15622,10178,11641,10880,5394
18089,6029,6030,3915,6934,2661,10388,15492,356,15858,9643,4825
18119,6039,6040,14202,17651,5874,14170,5517,2654,3880,13188,14443
18131,6043,6044,14561,16356,7807,11992,15133,14350,3611,11317,2351
18143,6047,6048,13082,3585,888,13649,10195,11403,5605,18039,9406
18149,6049,6050,15326,12037,16289,7085,2766,12359,6924,10818,3812
18191,6063,6064,7794,1263,13569,2895,3824,5469,8340,2064,13916
18233,6077,6078,1584,6529,14413,6733,2875,8299,6912,2928,9973
18251,6083,6084,1846,16813,6119,5356,16912,1144,8958,16877,16862
18257,6085,6086,8857,12771,8952,17232,13949,9483,2440,13515,5399
18269,6089,6090,11189,15637,16026,236,18210,7490,5447,15311,12307
18287,6095,6096,7931,13447,5100,7942,7158,5550,1045,8310,921
18311,6103,6104,15284,17773,2291,953,13495,17185,5942,5426,5927
18329,6109,6110,13415,10775,10092,15461,717,7111,13380,15255,15729
18341,6113,6114,16186,2821,12562,12236,15282,10857,14253,7581,15230
18353,6117,6118,14572,6823,14860,15803,9814,14208,8232,16322,11512
18371,6123,6124,10341,11088,17223,14663,927,10277,10483,17426,6239
18401,6133,6134,3422,12946,15277,958,8961,14988,4712,5813,16757
18413,6137,6138,1220,13179,16894,14691,10137,4730,845,16245,13209
18443,6147,6148,669,14647,1915,5976,16949,13304,12972,12323,18371
18461,6153,6154,14175,7130,12665,7576,16567,10637,18421,10423,7679
18503,6167,6168,12790,18247,2368,3903,3650,16242,606,7488,3012
18521,6173,6174,6926,2964,13565,6936,16787,17595,11036,882,7011
18539,6179,6180,4240,15983,10868,5788,17092,1561,9479,4373,15489
18587,6195,6196,11218,2814,17779,13752,15149,9756,8992,8529,784
18593,6197,6198,3036,18518,14994,8181,2603,2627,11469,2019,8121
18617,6205,6206,6801,17464,7366,14871,10245,3172,17860,7010,16574
18671,6223,6224,14588,536,17286,627,4511,16835,1241,18612,320
18701,6233,6234,18644,1817,16879,13524,15320,17952,10967,8388,5921
18713,6237,6238,4919,7265,2374,9484,16342,8057,15847,16659,2018
18719,6239,6240,9831,10205,11931,5712,17291,9441,2884,9155,2435
18731,6243,6244,9085,2332,8802,10490,6743,5572,2908,8845,15307
18743,6247,6248,10911,5602,17855,7354,7533,5476,7150,2877,3756
18749,6249,6250,1777,8717,10370,7300,16924,6710,2138,16157,1573
18773,6257,6258,12016,7432,14054,18384,14177,11002,3723,3933,10657
18797,6265,6266,588,7917,5748,3597,3800,10725,13658,6685,13938
18803,6267,6268,1793,14183,12623,12283,1630,4639,2912,3862,15363
18839,6279,6280,1934,11606,14806,4993,12881,6376,5052,1630,5381
18869,6289,6290,16073,2823,10281,15019,10397,3943,8350,11732,16700
18899,6299,6300,8109,18525,5622,14149,10637,15902,14066,18534,7072
18911,6303,6304,6677,13011,6086,11712,15983,3887,9540,14224,11274
18917,6305,6306,1237,2950,15315,11658,6544,2908,8566,5043,15694
18947,6315,6316,5523,7608,212,11939,1752,545,7250,2214,6950
18959,6319,6320,3179,17135,15280,15030,5722,18438,17603,16142,16760
19001,6333,6334,18939,8685,16013,932,18768,5818,3655,13652,5480
19013,6337,6338,151,1598,12201,1166,9215,3429,13927,10120,4147
19031,6343,6344,12916,6566,11960,6220,17476,17767,505,1067,18274
19037,6345,6346,15578,16274,3788,16908,14810,5738,17490,246,18395
19073,6357,6358,17923,6020,8188,10525,2137,16202,8200,8360,1281
19079,6359,6360,5594,10104,10589,5019,3515,12118,15019,1658,7168
19121,6373,6374,14051,17145,2686,7451,12478,6096,13118,9635,6212
19139,6379,6380,16090,17517,19014,118,9540,1738,3858,12230,12896
19157,6385,6386,9372,8990,4249,12142,6543,11435,12889,12204,18894
19163,6387,6388,1384,847,5325,18801,9672,10312,18849,9066,14324
19181,6393,6394,17394,8088,18950,4966,8349,12291,1359,8197,1864
19211,6403,6404,10279,5392,3272,18021,9903,7695,3492,4413,7791
19259,6419,6420,7622,14094,2546,4124,18228,11939,9570,14518,8229
19289,6429,6430,8228,10752,1329,2508,18662,1255,13975,8511,17571
19301,6433,6434,13295,621,7633,5408,17949,14194,11749,18948,11141
19319,6439,6440,6939,14039,3012,13194,6361,5190,4457,16725,1521
19373,6457,6458,8283,19110,17613,10018,7182,4574,6170,18799,7071
19379,6459,6460,8402,8339,7310,4434,8581,7589,883,16011,3073
19391,6463,6464,14391,9390,7947,1809,14091,4410,14005,6701,3892
19403,6467,6468,6711,5262,13447,15487,979,2660,13657,16300,2630
19421,6473,6474,2618,6186,11377,10982,6965,14880,12112,13511,1521
19427,6475,6476,10520,16249,14873,9524,17046,14523,18311,7915,18426
19433,6477,6478,5226,13077,11035,10169,2316,9480,3517,3892,8489
19457,6485,6486,5086,15807,2217,12751,11405,13344,5069,5810,4345
19463,6487,6488,14221,13747,7151,8710,7554,13042,8233,13609,5391
19469,6489,6490,7074,2527,5924,7897,2893,4114,15573,6748,12249
19541,6513,6514,8063,18814,12070,8440,17431,6313,14529,1160,15271
19553,6517,6518,8223,19509,10479,4444,18442,2662,17623,1186,10693
19559,6519,6520,11731,7269,19063,2906,9053,5107,9292,6724,16555
19571,6523,6524,1518,19431,7025,4753,13490,5407,17103,5741,14947
19577,6525,6526,2887,15440,8569,8163,12642,12620,2378,10457,8430
19583,6527,6528,2567,10353,16186,10986,7045,9843,2705,1161,2139
19661,6553,6554,17018,2377,6203,16369,823,6411,10963,4506,8881
19697,6565,6566,16686,1666,6712,3405,4073,7084,3612,1556,8949
19709,6569,6570,10355,13817,17934,3713,3999,10641,4960,552,14720
19727,6575,6576,3907,1611,10484,4445,13684,7776,8625,16201,8648
19739,6579,6580,9542,1596,5929,17587,538,6331,10837,8371,15868
19751,6583,6584,6841,7319,5816,1916,19272,3128,827,10100,5877
19763,6587,6588,19714,929,11236,14317,11243,11254,2773,4424,17366
19793,6597,6598,15899,5310,2822,3064,19027,16381,18410,1336,7150
19841,6613,6614,606,8360,2590,11691,11958,11481,911,10639,3474
19853,6617,6618,16934,3193,10219,13940,16368,5512,15767,3781,17895
19889,6629,6630,9033,7371,8051,1878,9475,7459,725,12341,7025
19913,6637,6638,17386,1323,19201,587,14788,12088,6524,2562,11599
19919,6639,6640,10461,8740,3684,19723,49,5698,16775,2521,8615
19937,6645,6646,2862,5974,11247,15445,1123,5302,9982,10967,4331
19949,6649,6650,6031,19397,948,9324,17618,12598,12080,3309,6076
19961,6653,6654,7021,16558,6170,14676,16292,11926,4457,6851,3347
19973,6657,6658,11504,14928,7218,4921,3763,12437,11054,715,156
19979,6659,6660,5203,9944,9885,12734,6806,2729,13121,9714,13371
19991,6663,6664,1538,10728,18742,1733,14560,4415,12093,3011,6482
19997,6665,6666,13934,11582,2244,19776,15053,14322,19889,3775,13432
