p,backend,component,sample,batch_size,mean_ms_per_call
1000000009,cornacchia,preparation,1,1185,0.013184645569620254
1000000009,cornacchia,preparation,2,1185,0.013222626160337553
1000000009,cornacchia,preparation,3,1185,0.013598891983122363
1000000009,cornacchia,prepared_query,1,77,0.17996858441558441
1000000009,cornacchia,prepared_query,2,77,0.16712588311688312
1000000009,cornacchia,prepared_query,3,77,0.16950432467532467
1000000009,cornacchia,total,1,120,0.18062354166666666
1000000009,cornacchia,total,2,120,0.17844810000000003
1000000009,cornacchia,total,3,120,0.18089285833333332
1000000009,schoof,preparation,1,1,523.046046
1000000009,schoof,preparation,2,1,526.142903
1000000009,schoof,preparation,3,1,537.664013
1000000009,schoof,prepared_query,1,74,0.19086025675675675
1000000009,schoof,prepared_query,2,74,0.19307812162162163
1000000009,schoof,prepared_query,3,74,0.18870206756756758
1000000009,schoof,total,1,1,508.923619
1000000009,schoof,total,2,1,496.369646
1000000009,schoof,total,3,1,530.468873
1000000009,bsgs,preparation,1,28,0.8699182499999999
1000000009,bsgs,preparation,2,28,0.8540838214285714
1000000009,bsgs,preparation,3,28,0.8496261785714285
1000000009,bsgs,prepared_query,1,111,0.19420405405405405
1000000009,bsgs,prepared_query,2,111,0.1983976216216216
1000000009,bsgs,prepared_query,3,111,0.18873157657657658
1000000009,bsgs,total,1,21,1.1484999047619047
1000000009,bsgs,total,2,21,1.0742990476190475
1000000009,bsgs,total,3,21,1.0721258571428571
1000000009,harvey,total,1,1,72.024285
1000000009,harvey,total,2,1,71.527102
1000000009,harvey,total,3,1,69.820546
10000000033,schoof,preparation,1,1,530.610222
10000000033,schoof,preparation,2,1,504.616784
10000000033,schoof,preparation,3,1,494.627275
10000000033,schoof,prepared_query,1,35,0.5002148571428572
10000000033,schoof,prepared_query,2,35,0.5489238571428571
10000000033,schoof,prepared_query,3,35,0.539843
10000000033,schoof,total,1,1,466.836003
10000000033,schoof,total,2,1,465.716082
10000000033,schoof,total,3,1,472.634928
10000000033,bsgs,preparation,1,13,2.063539
10000000033,bsgs,preparation,2,13,2.0260228461538463
10000000033,bsgs,preparation,3,13,2.0423739230769233
10000000033,bsgs,prepared_query,1,47,0.4395970425531915
10000000033,bsgs,prepared_query,2,47,0.4361749787234042
10000000033,bsgs,prepared_query,3,47,0.4573801063829787
10000000033,bsgs,total,1,10,2.5101874
10000000033,bsgs,total,2,10,2.8237079
10000000033,bsgs,total,3,10,3.1498811
10000000033,harvey,total,1,1,175.551625
10000000033,harvey,total,2,1,174.766678
10000000033,harvey,total,3,1,182.080938
10000000033,cornacchia,preparation,1,902,0.02008441352549889
10000000033,cornacchia,preparation,2,902,0.019443467849223947
10000000033,cornacchia,preparation,3,902,0.018034650776053214
10000000033,cornacchia,prepared_query,1,44,0.4642069318181818
10000000033,cornacchia,prepared_query,2,44,0.5475596136363636
10000000033,cornacchia,prepared_query,3,44,0.43882427272727276
10000000033,cornacchia,total,1,53,0.47050560377358486
10000000033,cornacchia,total,2,53,0.49660332075471697
10000000033,cornacchia,total,3,53,0.4856758867924529
100000000069,bsgs,preparation,1,7,3.880271
100000000069,bsgs,preparation,2,7,3.821285714285714
100000000069,bsgs,preparation,3,7,3.856702142857143
100000000069,bsgs,prepared_query,1,41,0.5364326341463415
100000000069,bsgs,prepared_query,2,41,0.5507754878048781
100000000069,bsgs,prepared_query,3,41,0.5395374634146342
100000000069,bsgs,total,1,6,4.505569833333333
100000000069,bsgs,total,2,6,4.557855166666667
100000000069,bsgs,total,3,6,4.575609666666667
100000000069,harvey,total,1,1,605.159547
100000000069,harvey,total,2,1,610.934588
100000000069,harvey,total,3,1,602.389417
100000000069,cornacchia,preparation,1,1457,0.011193109128345917
100000000069,cornacchia,preparation,2,1457,0.011204217570350035
100000000069,cornacchia,preparation,3,1457,0.01075964241592313
100000000069,cornacchia,prepared_query,1,40,0.5459040500000001
100000000069,cornacchia,prepared_query,2,40,0.5350132750000001
100000000069,cornacchia,prepared_query,3,40,0.566224775
100000000069,cornacchia,total,1,41,0.5692815121951219
100000000069,cornacchia,total,2,41,0.5677890731707317
100000000069,cornacchia,total,3,41,0.5367994634146341
100000000069,schoof,preparation,1,1,1848.388196
100000000069,schoof,preparation,2,1,1757.167459
100000000069,schoof,preparation,3,1,1867.337534
100000000069,schoof,prepared_query,1,41,0.837444731707317
100000000069,schoof,prepared_query,2,41,0.9235919512195121
100000000069,schoof,prepared_query,3,41,0.9012116829268293
100000000069,schoof,total,1,1,1933.327944
100000000069,schoof,total,2,1,1851.325363
100000000069,schoof,total,3,1,1977.506097
