p,depth,seed,forward_models,forward_roots,target,target_canonical_key,target_square_scale_to_key,j,H,beta,inverse_roots,inverse_endpoint,inverse_beta_multiplier,differential_scales,new_j_at_depth
73,3,"[0,7]","[[0,7],[39,8],[50,22],[4,16]]","[42,54,1]","[4,16]","[1,2]",37,20,10,4,"[71,6,43]","[0,7]",15,"[1,1,1]",True
73,3,"[1,0]","[[1,0],[11,13],[40,18],[16,27]]","[27,3,61]","[16,27]","[1,3]",18,7,67,28,"[24,49,12]","[8,0]",44,"[1,1,1]",True
73,3,"[0,1]","[[0,1],[26,22],[21,50],[2,1]]","[9,69,71]","[2,1]","[1,8]",16,34,63,41,"[4,32,4]","[0,1]",47,"[1,1,1]",True
73,3,"[1,0]","[[1,0],[11,13],[69,37],[2,59]]","[27,51,20]","[2,59]","[1,34]",16,66,67,66,"[33,30,12]","[8,0]",62,"[1,1,1]",True
73,3,"[0,7]","[[0,7],[39,8],[68,58],[3,7]]","[42,30,15]","[3,7]","[3,7]",1,34,10,52,"[43,52,43]","[0,7]",49,"[1,1,1]",True
73,3,"[0,1]","[[0,1],[26,22],[9,24],[27,44]]","[9,22,68]","[27,44]","[3,20]",24,20,63,20,"[10,43,4]","[0,1]",71,"[1,1,1]",True
73,3,"[3,0]","[[3,0],[33,57],[61,5],[6,6]]","[17,24,18]","[6,6]","[3,25]",57,66,6,72,"[37,27,40]","[24,0]",12,"[1,1,1]",True
73,3,"[3,0]","[[3,0],[33,57],[47,34],[48,51]]","[17,10,33]","[48,51]","[3,30]",18,7,6,4,"[7,66,40]","[24,0]",25,"[1,1,1]",True
73,3,"[3,0]","[[3,0],[33,57],[61,5],[53,34]]","[17,24,30]","[53,34]","[5,13]",50,27,6,0,"[13,27,40]","[24,0]",0,"[1,1,1]",True
73,3,"[0,7]","[[0,7],[39,8],[50,22],[53,48]]","[42,54,34]","[53,48]","[5,16]",23,18,10,39,"[5,6,43]","[0,7]",55,"[1,1,1]",True
73,3,"[0,1]","[[0,1],[26,22],[21,50],[33,66]]","[9,69,67]","[33,66]","[5,30]",3,16,63,1,"[12,32,4]","[0,1]",51,"[1,1,1]",True
73,3,"[1,0]","[[1,0],[11,13],[40,18],[17,37]]","[27,3,18]","[17,37]","[5,35]",19,64,67,62,"[37,49,12]","[8,0]",14,"[1,1,1]",True
73,3,"[0,7]","[[0,7],[39,8],[68,58],[13,24]]","[42,30,45]","[13,24]","[11,8]",38,16,10,44,"[56,52,43]","[0,7]",19,"[1,1,1]",True
73,3,"[0,1]","[[0,1],[26,22],[9,24],[11,59]]","[9,22,49]","[11,59]","[11,14]",72,18,63,49,"[48,43,4]","[0,1]",17,"[1,1,1]",True
73,3,"[3,0]","[[3,0],[33,57],[47,34],[51,5]]","[17,10,60]","[51,5]","[11,15]",67,64,6,61,"[26,66,40]","[24,0]",71,"[1,1,1]",True
73,3,"[1,0]","[[1,0],[11,13],[69,37],[42,18]]","[27,51,9]","[42,18]","[11,16]",41,27,67,0,"[55,30,12]","[8,0]",0,"[1,1,1]",True
89,3,"[5,0]","[[5,0],[55,8],[75,47],[32,4]]","[23,30,77]","[32,4]","[1,1]",8,22,79,65,"[24,27,65]","[10,0]",38,"[1,1,1]",True
89,3,"[5,0]","[[5,0],[55,8],[34,36],[11,28]]","[23,16,50]","[11,28]","[1,31]",9,85,79,49,"[78,50,65]","[10,0]",4,"[1,1,1]",True
89,3,"[5,0]","[[5,0],[55,8],[75,47],[82,5]]","[23,30,72]","[82,5]","[3,2]",5,63,79,15,"[34,27,65]","[10,0]",43,"[1,1,1]",True
89,3,"[5,0]","[[5,0],[55,8],[34,36],[77,56]]","[23,16,71]","[77,56]","[3,29]",17,60,79,81,"[36,50,65]","[10,0]",72,"[1,1,1]",True
89,3,"[1,0]","[[1,0],[11,31],[15,82],[42,60]]","[34,25,79]","[42,60]","[5,6]",40,22,10,20,"[20,67,69]","[2,0]",2,"[1,1,1]",True
89,3,"[1,0]","[[1,0],[11,31],[78,6],[20,64]]","[34,43,12]","[20,64]","[5,8]",45,85,10,63,"[65,12,69]","[2,0]",33,"[1,1,1]",True
89,3,"[1,0]","[[1,0],[11,31],[78,6],[51,39]]","[34,43,74]","[51,39]","[13,8]",64,60,10,66,"[30,12,69]","[2,0]",60,"[1,1,1]",True
89,3,"[1,0]","[[1,0],[11,31],[15,82],[52,75]]","[34,25,60]","[52,75]","[13,24]",44,63,10,32,"[58,67,69]","[2,0]",21,"[1,1,1]",True
97,3,"[0,1]","[[0,1],[57,22],[76,83],[1,20]]","[36,92,20]","[1,20]","[1,20]",1,40,14,75,"[57,40,12]","[0,50]",40,"[1,1,1]",True
97,3,"[0,19]","[[0,19],[29,30],[63,60],[9,88]]","[60,96,14]","[9,88]","[1,32]",65,59,83,36,"[69,8,20]","[0,77]",39,"[1,1,1]",True
97,3,"[0,1]","[[0,1],[57,22],[77,44],[75,67]]","[36,77,68]","[75,67]","[1,45]",33,56,14,17,"[58,63,12]","[0,50]",22,"[1,1,1]",True
97,3,"[0,19]","[[0,19],[29,30],[63,60],[79,12]]","[60,96,81]","[79,12]","[2,1]",72,56,83,4,"[32,8,20]","[0,77]",69,"[1,1,1]",True
97,3,"[0,19]","[[0,19],[29,30],[71,25],[89,89]]","[60,24,1]","[89,89]","[2,22]",11,40,83,69,"[95,2,20]","[0,77]",2,"[1,1,1]",True
97,3,"[0,1]","[[0,1],[57,22],[77,44],[11,71]]","[36,77,86]","[11,71]","[2,23]",94,59,14,56,"[22,63,12]","[0,50]",4,"[1,1,1]",True
97,3,"[0,1]","[[0,1],[57,22],[76,83],[67,73]]","[36,92,67]","[67,73]","[5,16]",4,66,14,96,"[60,40,12]","[0,50]",90,"[1,1,1]",True
97,3,"[0,19]","[[0,19],[29,30],[71,25],[46,29]]","[60,24,47]","[46,29]","[7,41]",91,66,83,34,"[3,2,20]","[0,77]",53,"[1,1,1]",True
113,3,"[9,0]","[[9,0],[99,20],[109,48],[7,66]]","[45,2,54]","[7,66]","[1,33]",60,30,14,58,"[5,97,29]","[26,0]",101,"[1,1,1]",True
113,3,"[9,0]","[[9,0],[99,20],[109,48],[32,14]]","[45,2,63]","[32,14]","[1,44]",36,60,14,45,"[100,97,29]","[26,0]",92,"[1,1,1]",True
113,3,"[1,0]","[[1,0],[11,97],[82,22],[96,88]]","[15,67,91]","[96,88]","[3,14]",77,21,99,35,"[44,29,85]","[28,0]",54,"[1,1,1]",True
113,3,"[9,0]","[[9,0],[99,20],[60,29],[101,66]]","[45,88,16]","[101,66]","[3,39]",49,75,14,103,"[81,87,29]","[26,0]",80,"[1,1,1]",True
113,3,"[1,0]","[[1,0],[11,97],[82,22],[74,15]]","[15,67,43]","[74,15]","[5,26]",104,75,99,41,"[27,29,85]","[28,0]",102,"[1,1,1]",True
113,3,"[9,0]","[[9,0],[99,20],[60,29],[73,3]]","[45,88,47]","[73,3]","[5,47]",63,21,14,8,"[19,87,29]","[26,0]",49,"[1,1,1]",True
113,3,"[1,0]","[[1,0],[11,97],[100,52],[51,15]]","[15,76,18]","[51,15]","[9,13]",25,30,99,56,"[77,70,85]","[28,0]",109,"[1,1,1]",True
113,3,"[1,0]","[[1,0],[11,97],[100,52],[104,34]]","[15,76,21]","[104,34]","[9,55]",15,60,99,98,"[71,70,85]","[28,0]",106,"[1,1,1]",True
193,3,"[0,1]","[[0,1],[91,22],[162,25],[63,129]]","[85,21,53]","[63,129]","[1,3]",181,128,2,95,"[87,25,175]","[0,50]",144,"[1,1,1]",True
193,3,"[0,1]","[[0,1],[91,22],[162,25],[46,113]]","[85,21,182]","[46,113]","[1,10]",139,175,2,30,"[22,25,175]","[0,50]",15,"[1,1,1]",True
193,3,"[0,11]","[[0,11],[61,49],[28,82],[161,68]]","[47,82,161]","[161,68]","[2,74]",28,128,191,61,"[64,116,40]","[0,164]",66,"[1,1,1]",True
193,3,"[0,11]","[[0,11],[61,49],[28,82],[139,85]]","[47,82,3]","[139,85]","[2,75]",67,175,191,131,"[187,116,40]","[0,164]",31,"[1,1,1]",True
193,3,"[0,1]","[[0,1],[91,22],[125,12],[57,177]]","[85,149,23]","[57,177]","[5,31]",72,22,2,29,"[147,159,175]","[0,50]",111,"[1,1,1]",True
193,3,"[0,1]","[[0,1],[91,22],[125,12],[158,172]]","[85,149,82]","[158,172]","[5,63]",21,58,2,104,"[29,159,175]","[0,50]",52,"[1,1,1]",True
193,3,"[0,11]","[[0,11],[61,49],[105,132],[125,155]]","[47,12,118]","[125,155]","[10,10]",144,58,191,81,"[150,97,40]","[0,164]",56,"[1,1,1]",True
193,3,"[0,11]","[[0,11],[61,49],[105,132],[17,17]]","[47,12,99]","[17,17]","[10,57]",25,22,191,43,"[188,97,40]","[0,164]",75,"[1,1,1]",True
193,4,"[0,11]","[[0,11],[61,49],[105,132],[125,155],[131,85]]","[47,12,118,56]","[131,85]","[1,25]",118,61,191,81,"[81,21,2,160]","[0,74]",56,"[1,1,1,1]",True
193,4,"[0,1]","[[0,1],[91,22],[125,12],[57,177],[64,30]]","[85,149,23,178]","[64,30]","[1,37]",169,111,2,88,"[30,9,57,121]","[0,112]",44,"[1,1,1,1]",True
193,4,"[0,1]","[[0,1],[91,22],[162,25],[46,113],[144,8]]","[85,21,182,143]","[144,8]","[1,42]",177,90,2,160,"[100,88,100,121]","[0,112]",80,"[1,1,1,1]",True
193,4,"[0,11]","[[0,11],[61,49],[105,132],[17,17],[185,137]]","[47,12,99,162]","[185,137]","[2,12]",56,111,191,24,"[62,173,2,160]","[0,74]",181,"[1,1,1,1]",True
193,4,"[0,11]","[[0,11],[61,49],[28,82],[139,85],[175,88]]","[47,82,3,154]","[175,88]","[2,71]",166,90,191,184,"[78,169,78,160]","[0,74]",101,"[1,1,1,1]",True
193,4,"[0,1]","[[0,1],[91,22],[125,12],[158,172],[110,113]]","[85,149,82,52]","[110,113]","[2,91]",46,61,2,104,"[89,116,57,121]","[0,112]",52,"[1,1,1,1]",True
193,4,"[0,11]","[[0,11],[61,49],[28,82],[161,68],[154,4]]","[47,82,161,105]","[154,4]","[5,4]",108,189,191,139,"[176,63,78,160]","[0,74]",27,"[1,1,1,1]",True
193,4,"[0,11]","[[0,11],[61,49],[105,132],[125,155],[53,153]]","[47,12,118,180]","[53,153]","[5,15]",107,25,191,136,"[26,21,2,160]","[0,74]",125,"[1,1,1,1]",True
193,4,"[0,11]","[[0,11],[61,49],[105,132],[17,17],[178,64]]","[47,12,99,36]","[178,64]","[5,42]",185,97,191,158,"[121,173,2,160]","[0,74]",114,"[1,1,1,1]",True
193,4,"[0,1]","[[0,1],[91,22],[162,25],[46,113],[22,60]]","[85,21,182,28]","[22,60]","[5,76]",3,96,2,4,"[137,88,100,121]","[0,112]",2,"[1,1,1,1]",True
193,4,"[0,11]","[[0,11],[61,49],[28,82],[161,68],[173,8]]","[47,82,161,24]","[173,8]","[5,81]",56,108,191,170,"[145,63,78,160]","[0,74]",108,"[1,1,1,1]",True
193,4,"[0,11]","[[0,11],[61,49],[28,82],[139,85],[142,81]]","[47,82,3,45]","[142,81]","[10,9]",186,96,191,159,"[103,169,78,160]","[0,74]",17,"[1,1,1,1]",True
193,4,"[0,1]","[[0,1],[91,22],[125,12],[158,172],[155,49]]","[85,149,82,112]","[155,49]","[10,16]",9,25,2,177,"[162,116,57,121]","[0,112]",185,"[1,1,1,1]",True
193,4,"[0,1]","[[0,1],[91,22],[162,25],[63,129],[119,53]]","[85,21,53,1]","[119,53]","[10,30]",65,189,2,188,"[191,155,100,121]","[0,112]",94,"[1,1,1,1]",True
193,4,"[0,1]","[[0,1],[91,22],[162,25],[63,129],[160,106]]","[85,21,53,105]","[160,106]","[10,68]",145,108,2,173,"[176,155,100,121]","[0,112]",183,"[1,1,1,1]",True
193,4,"[0,1]","[[0,1],[91,22],[125,12],[57,177],[120,76]]","[85,149,23,61]","[120,76]","[10,71]",62,97,2,129,"[71,9,57,121]","[0,112]",161,"[1,1,1,1]",True
233,3,"[7,0]","[[7,0],[77,153],[222,142],[102,44]]","[61,179,20]","[102,44]","[1,20]",4,205,207,95,"[193,199,145]","[13,0]",77,"[1,1,1]",True
233,3,"[7,0]","[[7,0],[77,153],[120,170],[95,143]]","[61,176,74]","[95,143]","[3,57]",200,164,207,178,"[85,223,145]","[13,0]",29,"[1,1,1]",True
233,3,"[1,0]","[[1,0],[11,81],[117,90],[119,228]]","[89,104,16]","[119,228]","[3,79]",181,103,26,65,"[201,100,181]","[135,0]",119,"[1,1,1]",True
233,3,"[1,0]","[[1,0],[11,81],[65,130],[114,97]]","[89,74,115]","[114,97]","[3,90]",201,166,26,216,"[3,107,181]","[135,0]",80,"[1,1,1]",True
233,3,"[1,0]","[[1,0],[11,81],[65,130],[181,37]]","[89,74,33]","[181,37]","[7,14]",205,205,26,18,"[167,107,181]","[135,0]",162,"[1,1,1]",True
233,3,"[1,0]","[[1,0],[11,81],[117,90],[180,62]]","[89,104,192]","[180,62]","[17,89]",32,164,26,149,"[82,100,181]","[135,0]",176,"[1,1,1]",True
233,3,"[7,0]","[[7,0],[77,153],[120,170],[134,120]]","[61,176,45]","[134,120]","[17,107]",100,103,207,123,"[143,223,145]","[13,0]",58,"[1,1,1]",True
233,3,"[7,0]","[[7,0],[77,153],[222,142],[99,2]]","[61,179,105]","[99,2]","[17,116]",187,166,207,208,"[23,199,145]","[13,0]",225,"[1,1,1]",True
241,3,"[0,17]","[[0,17],[223,133],[144,10],[143,209]]","[26,46,30]","[143,209]","[1,49]",135,82,227,31,"[181,114,132]","[0,117]",15,"[1,1,1]",True
241,3,"[0,1]","[[0,1],[16,22],[113,114],[221,69]]","[16,121,37]","[221,69]","[2,13]",54,82,14,18,"[167,237,211]","[0,177]",139,"[1,1,1]",True
241,3,"[0,17]","[[0,17],[223,133],[144,10],[86,133]]","[26,46,62]","[86,133]","[7,18]",216,71,227,238,"[117,114,132]","[0,117]",224,"[1,1,1]",True
241,3,"[0,17]","[[0,17],[223,133],[14,209],[104,69]]","[26,6,106]","[104,69]","[7,38]",96,35,227,216,"[29,193,132]","[0,117]",19,"[1,1,1]",True
241,3,"[0,1]","[[0,1],[16,22],[175,69],[148,94]]","[16,152,109]","[148,94]","[7,50]",53,199,14,70,"[23,230,211]","[0,177]",5,"[1,1,1]",True
241,3,"[0,1]","[[0,1],[16,22],[175,69],[95,160]]","[16,152,195]","[95,160]","[13,58]",217,35,14,71,"[92,230,211]","[0,177]",160,"[1,1,1]",True
241,3,"[0,1]","[[0,1],[16,22],[113,114],[111,22]]","[16,121,205]","[111,22]","[13,74]",54,71,14,76,"[72,237,211]","[0,177]",212,"[1,1,1]",True
241,3,"[0,17]","[[0,17],[223,133],[14,209],[195,152]]","[26,6,147]","[195,152]","[13,89]",226,199,227,67,"[188,193,132]","[0,117]",219,"[1,1,1]",True
241,4,"[0,1]","[[0,1],[16,22],[113,114],[221,69],[64,2]]","[16,121,37,181]","[64,2]","[1,16]",30,110,14,153,"[120,186,225,121]","[0,1]",97,"[1,1,1,1]",True
241,4,"[0,17]","[[0,17],[223,133],[14,209],[195,152],[216,118]]","[26,6,147,130]","[216,118]","[1,18]",180,129,227,26,"[222,29,49,46]","[0,17]",67,"[1,1,1,1]",True
241,4,"[0,17]","[[0,17],[223,133],[144,10],[86,133],[10,23]]","[26,46,62,11]","[10,23]","[1,44]",82,84,227,148,"[219,227,215,46]","[0,17]",196,"[1,1,1,1]",True
241,4,"[0,1]","[[0,1],[16,22],[113,114],[111,22],[125,214]]","[16,121,205,118]","[125,214]","[2,8]",160,84,14,187,"[5,47,225,121]","[0,1]",65,"[1,1,1,1]",True
241,4,"[0,17]","[[0,17],[223,133],[144,10],[143,209],[169,34]]","[26,46,30,23]","[169,34]","[2,19]",150,110,227,143,"[195,1,215,46]","[0,17]",7,"[1,1,1,1]",True
241,4,"[0,1]","[[0,1],[16,22],[175,69],[148,94],[49,92]]","[16,152,109,80]","[49,92]","[2,69]",169,129,14,225,"[81,92,197,121]","[0,1]",171,"[1,1,1,1]",True
241,4,"[0,17]","[[0,17],[223,133],[14,209],[104,69],[213,57]]","[26,6,106,119]","[213,57]","[7,26]",32,15,227,170,"[3,116,49,46]","[0,17]",160,"[1,1,1,1]",True
241,4,"[0,1]","[[0,1],[16,22],[113,114],[221,69],[178,148]]","[16,121,37,134]","[178,148]","[7,33]",182,134,14,88,"[214,186,225,121]","[0,1]",144,"[1,1,1,1]",True
241,4,"[0,17]","[[0,17],[223,133],[14,209],[195,152],[178,153]]","[26,6,147,164]","[178,153]","[7,39]",182,151,227,20,"[154,29,49,46]","[0,17]",33,"[1,1,1,1]",True
241,4,"[0,17]","[[0,17],[223,133],[14,209],[104,69],[230,38]]","[26,6,106,93]","[230,38]","[7,78]",91,107,227,47,"[55,116,49,46]","[0,17]",186,"[1,1,1,1]",True
241,4,"[0,1]","[[0,1],[16,22],[113,114],[111,22],[65,208]]","[16,121,205,51]","[65,208]","[7,117]",158,144,14,161,"[139,47,225,121]","[0,1]",132,"[1,1,1,1]",True
241,4,"[0,17]","[[0,17],[223,133],[144,10],[86,133],[198,162]]","[26,46,62,113]","[198,162]","[13,1]",169,144,227,130,"[15,227,215,46]","[0,17]",94,"[1,1,1,1]",True
241,4,"[0,17]","[[0,17],[223,133],[144,10],[143,209],[101,106]]","[26,46,30,37]","[101,106]","[13,25]",94,134,227,98,"[167,1,215,46]","[0,17]",234,"[1,1,1,1]",True
241,4,"[0,1]","[[0,1],[16,22],[175,69],[95,160],[132,216]]","[16,152,195,203]","[132,216]","[13,27]",233,15,14,192,"[76,127,197,121]","[0,1]",117,"[1,1,1,1]",True
241,4,"[0,1]","[[0,1],[16,22],[175,69],[148,94],[56,9]]","[16,152,109,138]","[56,9]","[13,80]",166,151,14,136,"[206,92,197,121]","[0,1]",113,"[1,1,1,1]",True
241,4,"[0,1]","[[0,1],[16,22],[175,69],[95,160],[224,144]]","[16,152,195,187]","[224,144]","[13,81]",158,107,14,175,"[108,127,197,121]","[0,1]",133,"[1,1,1,1]",True
