p,seed_classes,all_classes,ordinary_classes,supersingular_classes,new_classes_depth0,new_j_depth0,new_classes_old_j_depth0,new_classes_depth1,new_j_depth1,new_classes_old_j_depth1,new_classes_depth2,new_j_depth2,new_classes_old_j_depth2,new_classes_depth3,new_j_depth3,new_classes_old_j_depth3,new_classes_depth4,new_j_depth4,new_classes_old_j_depth4,unreached_ordinary_depth4
7,6,18,16,2,6,1,0,2,1,0,0,0,0,0,0,0,0,0,0,8
11,0,22,18,4,0,0,0,0,0,0,0,0,0,0,0,0,0,0,0,18
13,10,32,30,2,10,2,0,4,2,0,4,2,0,0,0,0,0,0,0,12
17,4,36,32,4,4,1,0,2,1,0,4,2,0,0,0,0,0,0,0,22
19,6,42,38,4,6,1,0,2,1,0,0,0,0,0,0,0,0,0,0,30
23,0,46,40,6,0,0,0,0,0,0,0,0,0,0,0,0,0,0,0,40
29,4,60,54,6,4,1,0,2,1,0,0,0,0,0,0,0,0,0,0,48
31,6,66,60,6,6,1,0,2,1,0,0,0,0,0,0,0,0,0,0,52
37,10,80,78,2,10,2,0,4,2,0,4,2,0,0,0,0,0,0,0,60
41,4,84,76,8,4,1,0,2,1,0,4,2,0,0,0,0,0,0,0,66
43,6,90,86,4,6,1,0,2,1,0,0,0,0,0,0,0,0,0,0,78
47,0,94,84,10,0,0,0,0,0,0,0,0,0,0,0,0,0,0,0,84
53,4,108,102,6,4,1,0,2,1,0,0,0,0,0,0,0,0,0,0,96
59,0,118,106,12,0,0,0,0,0,0,0,0,0,0,0,0,0,0,0,106
61,10,128,122,6,10,2,0,4,2,0,4,2,0,0,0,0,0,0,0,104
67,6,138,134,4,6,1,0,2,1,0,0,0,0,0,0,0,0,0,0,126
71,0,142,128,14,0,0,0,0,0,0,0,0,0,0,0,0,0,0,0,128
73,10,152,148,4,10,2,0,4,2,0,8,4,0,16,8,0,0,0,0,110
79,6,162,152,10,6,1,0,2,1,0,0,0,0,0,0,0,0,0,0,144
83,0,166,154,12,0,0,0,0,0,0,0,0,0,0,0,0,0,0,0,154
89,4,180,168,12,4,1,0,2,1,0,4,2,0,8,4,0,0,0,0,150
97,10,200,196,4,10,2,0,4,2,0,8,4,0,8,4,0,0,0,0,166
101,4,204,190,14,4,1,0,2,1,0,0,0,0,0,0,0,0,0,0,184
103,6,210,200,10,6,1,0,2,1,0,0,0,0,0,0,0,0,0,0,192
107,0,214,202,12,0,0,0,0,0,0,0,0,0,0,0,0,0,0,0,202
109,10,224,218,6,10,2,0,4,2,0,4,2,0,0,0,0,0,0,0,200
113,4,228,220,8,4,1,0,2,1,0,4,2,0,8,4,0,0,0,0,202
127,6,258,248,10,6,1,0,2,1,0,0,0,0,0,0,0,0,0,0,240
131,0,262,242,20,0,0,0,0,0,0,0,0,0,0,0,0,0,0,0,242
137,4,276,268,8,4,1,0,2,1,0,4,2,0,0,0,0,0,0,0,258
139,6,282,270,12,6,1,0,2,1,0,0,0,0,0,0,0,0,0,0,262
149,4,300,286,14,4,1,0,2,1,0,0,0,0,0,0,0,0,0,0,280
151,6,306,292,14,6,1,0,2,1,0,0,0,0,0,0,0,0,0,0,284
157,10,320,314,6,10,2,0,4,2,0,4,2,0,0,0,0,0,0,0,296
163,6,330,326,4,6,1,0,2,1,0,0,0,0,0,0,0,0,0,0,318
167,0,334,312,22,0,0,0,0,0,0,0,0,0,0,0,0,0,0,0,312
173,4,348,334,14,4,1,0,2,1,0,0,0,0,0,0,0,0,0,0,328
179,0,358,338,20,0,0,0,0,0,0,0,0,0,0,0,0,0,0,0,338
181,10,368,358,10,10,2,0,4,2,0,4,2,0,0,0,0,0,0,0,340
191,0,382,356,26,0,0,0,0,0,0,0,0,0,0,0,0,0,0,0,356
193,10,392,388,4,10,2,0,4,2,0,8,4,0,8,4,0,16,8,0,342
197,4,396,386,10,4,1,0,2,1,0,0,0,0,0,0,0,0,0,0,380
199,6,402,384,18,6,1,0,2,1,0,0,0,0,0,0,0,0,0,0,376
211,6,426,414,12,6,1,0,2,1,0,0,0,0,0,0,0,0,0,0,406
223,6,450,436,14,6,1,0,2,1,0,0,0,0,0,0,0,0,0,0,428
227,0,454,434,20,0,0,0,0,0,0,0,0,0,0,0,0,0,0,0,434
229,10,464,454,10,10,2,0,4,2,0,4,2,0,0,0,0,0,0,0,436
233,4,468,456,12,4,1,0,2,1,0,4,2,0,8,4,0,0,0,0,438
239,0,478,448,30,0,0,0,0,0,0,0,0,0,0,0,0,0,0,0,448
241,10,488,476,12,10,2,0,4,2,0,8,4,0,8,4,0,16,8,0,430
251,0,502,474,28,0,0,0,0,0,0,0,0,0,0,0,0,0,0,0,474
