p,reachable_classes_all_depths,maximum_minimal_depth,classes_added_after_depth4,seed_trace_values
7,8,1,0,"[-5, -4, -1, 1, 4, 5]"
11,0,0,0,[]
13,18,2,0,"[-7, -6, -5, -4, -2, 2, 4, 5, 6, 7]"
17,10,2,0,"[-8, -2, 2, 8]"
19,8,1,0,"[-8, -7, -1, 1, 7, 8]"
23,0,0,0,[]
29,6,1,0,"[-10, -4, 4, 10]"
31,8,1,0,"[-11, -7, -4, 4, 7, 11]"
37,18,2,0,"[-12, -11, -10, -2, -1, 1, 2, 10, 11, 12]"
41,10,2,0,"[-10, -8, 8, 10]"
43,8,1,0,"[-13, -8, -5, 5, 8, 13]"
47,0,0,0,[]
53,6,1,0,"[-14, -4, 4, 14]"
59,0,0,0,[]
61,18,2,0,"[-14, -13, -12, -10, -1, 1, 10, 12, 13, 14]"
67,8,1,0,"[-16, -11, -5, 5, 11, 16]"
71,0,0,0,[]
73,38,3,0,"[-17, -16, -10, -7, -6, 6, 7, 10, 16, 17]"
79,8,1,0,"[-17, -13, -4, 4, 13, 17]"
83,0,0,0,[]
89,18,3,0,"[-16, -10, 10, 16]"
97,30,3,0,"[-19, -18, -14, -8, -5, 5, 8, 14, 18, 19]"
101,6,1,0,"[-20, -2, 2, 20]"
103,8,1,0,"[-20, -13, -7, 7, 13, 20]"
107,0,0,0,[]
109,18,2,0,"[-20, -19, -17, -6, -2, 2, 6, 17, 19, 20]"
113,18,3,0,"[-16, -14, 14, 16]"
127,8,1,0,"[-20, -19, -1, 1, 19, 20]"
131,0,0,0,[]
137,10,2,0,"[-22, -8, 8, 22]"
139,8,1,0,"[-23, -16, -7, 7, 16, 23]"
149,6,1,0,"[-20, -14, 14, 20]"
151,8,1,0,"[-23, -19, -4, 4, 19, 23]"
157,18,2,0,"[-25, -22, -14, -12, -11, 11, 12, 14, 22, 25]"
163,8,1,0,"[-25, -17, -8, 8, 17, 25]"
167,0,0,0,[]
173,6,1,0,"[-26, -4, 4, 26]"
179,0,0,0,[]
181,18,2,0,"[-26, -20, -19, -18, -7, 7, 18, 19, 20, 26]"
191,0,0,0,[]
193,46,4,0,"[-25, -24, -23, -14, -2, 2, 14, 23, 24, 25]"
197,6,1,0,"[-28, -2, 2, 28]"
199,8,1,0,"[-28, -17, -11, 11, 17, 28]"
211,8,1,0,"[-29, -16, -13, 13, 16, 29]"
223,8,1,0,"[-28, -23, -5, 5, 23, 28]"
227,0,0,0,[]
229,18,2,0,"[-30, -29, -22, -7, -4, 4, 7, 22, 29, 30]"
233,18,3,0,"[-26, -16, 16, 26]"
239,0,0,0,[]
241,46,4,0,"[-31, -30, -17, -14, -8, 8, 14, 17, 30, 31]"
251,0,0,0,[]
