p,family,e,ordinary_congruence,alpha,gamma,j,conjugate_j_collision,lower_j_collision
7,2,3,0,2,0,6,1,1728;287496
7,2,4,0,5,0,6,1,1728;287496
11,3,5,0,5,0,1,0,1728;54000
11,3,6,0,0,9,0,0,0;287496
17,2,6,1,8,2,16,0,
17,2,11,1,14,9,14,0,
23,2,5,0,0,22,0,0,0
23,2,18,0,2,20,19,0,287496;54000
23,3,7,0,20,0,3,0,1728
23,3,16,0,9,15,19,0,287496;54000
31,2,8,0,18,19,2,0,287496
31,2,23,0,17,18,4,0,
41,2,17,1,37,1,23,0,
41,2,24,1,27,18,30,0,
47,2,7,0,6,14,10,0,
47,2,40,0,0,2,0,0,0
47,3,12,0,38,0,36,0,1728
47,3,35,0,21,22,10,0,
59,3,11,0,31,55,47,0,
59,3,48,0,53,32,28,0,
71,2,12,0,41,31,40,0,54000
71,2,59,0,61,39,41,0,
71,3,28,0,31,42,48,0,
71,3,43,0,54,61,17,0,287496
167,2,13,0,131,43,131,0,
167,2,154,0,21,35,59,0,54000
167,3,62,0,153,153,112,0,
167,3,105,0,78,129,89,0,287496
191,2,57,0,118,127,150,0,
191,2,134,0,82,95,138,0,54000
191,3,24,0,144,113,41,0,287496
191,3,167,0,159,27,107,0,
239,2,99,0,183,116,215,0,
239,2,140,0,113,155,68,0,
239,3,106,0,197,196,217,0,
239,3,133,0,11,89,215,0,
479,2,187,0,185,380,376,0,
479,2,292,0,112,133,398,0,
479,3,31,0,400,177,398,0,
479,3,448,0,288,351,272,0,
599,2,166,0,132,523,508,0,
599,2,433,0,285,350,179,0,
599,3,188,0,565,13,508,0,
599,3,411,0,363,396,331,0,
647,2,36,0,337,96,304,0,
647,2,611,0,128,274,147,0,
647,3,122,0,309,473,285,0,
647,3,525,0,68,80,304,0,
719,2,324,0,601,406,416,0,
719,2,395,0,655,108,436,0,
719,3,315,0,378,21,246,0,
719,3,404,0,71,29,416,0,
743,2,102,0,476,71,83,0,
743,2,641,0,85,491,330,0,
743,3,139,0,441,366,84,0,
743,3,604,0,32,475,330,0,
